SAMPLE_KEY,PLATE_ID,WELL_POSITION,SITE,IMG_Hoechst,IMG_ERSyto,IMG_Ph_golgi,IMG_Mito,IMG_ERSytoBleed
P102785-A02-1,P102785,A02,1,P102785_A02_s1_x0_y0_Fluorescence_405_nm_Ex.tiff,P102785_A02_s1_x0_y0_Fluorescence_488_nm_Ex.tiff,P102785_A02_s1_x0_y0_Fluorescence_561_nm_Ex.tiff,P102785_A02_s1_x0_y0_Fluorescence_638_nm_Ex.tiff,P102785_A02_s1_x0_y0_Fluorescence_730_nm_Ex.tiff
P102785-A02-2,P102785,A02,2,P102785_A02_s2_x1_y0_Fluorescence_405_nm_Ex.tiff,P102785_A02_s2_x1_y0_Fluorescence_488_nm_Ex.tiff,P102785_A02_s2_x1_y0_Fluorescence_561_nm_Ex.tiff,P102785_A02_s2_x1_y0_Fluorescence_638_nm_Ex.tiff,P102785_A02_s2_x1_y0_Fluorescence_730_nm_Ex.tiff
P102785-A02-3,P102785,A02,3,P102785_A02_s3_x2_y0_Fluorescence_405_nm_Ex.tiff,P102785_A02_s3_x2_y0_Fluorescence_488_nm_Ex.tiff,P102785_A02_s3_x2_y0_Fluorescence_561_nm_Ex.tiff,P102785_A02_s3_x2_y0_Fluorescence_638_nm_Ex.tiff,P102785_A02_s3_x2_y0_Fluorescence_730_nm_Ex.tiff
P102785-A02-4,P102785,A02,4,P102785_A02_s4_x0_y1_Fluorescence_405_nm_Ex.tiff,P102785_A02_s4_x0_y1_Fluorescence_488_nm_Ex.tiff,P102785_A02_s4_x0_y1_Fluorescence_561_nm_Ex.tiff,P102785_A02_s4_x0_y1_Fluorescence_638_nm_Ex.tiff,P102785_A02_s4_x0_y1_Fluorescence_730_nm_Ex.tiff
P102785-A02-5,P102785,A02,5,P102785_A02_s5_x1_y1_Fluorescence_405_nm_Ex.tiff,P102785_A02_s5_x1_y1_Fluorescence_488_nm_Ex.tiff,P102785_A02_s5_x1_y1_Fluorescence_561_nm_Ex.tiff,P102785_A02_s5_x1_y1_Fluorescence_638_nm_Ex.tiff,P102785_A02_s5_x1_y1_Fluorescence_730_nm_Ex.tiff
P102785-A02-6,P102785,A02,6,P102785_A02_s6_x2_y1_Fluorescence_405_nm_Ex.tiff,P102785_A02_s6_x2_y1_Fluorescence_488_nm_Ex.tiff,P102785_A02_s6_x2_y1_Fluorescence_561_nm_Ex.tiff,P102785_A02_s6_x2_y1_Fluorescence_638_nm_Ex.tiff,P102785_A02_s6_x2_y1_Fluorescence_730_nm_Ex.tiff
P102785-A02-7,P102785,A02,7,P102785_A02_s7_x0_y2_Fluorescence_405_nm_Ex.tiff,P102785_A02_s7_x0_y2_Fluorescence_488_nm_Ex.tiff,P102785_A02_s7_x0_y2_Fluorescence_561_nm_Ex.tiff,P102785_A02_s7_x0_y2_Fluorescence_638_nm_Ex.tiff,P102785_A02_s7_x0_y2_Fluorescence_730_nm_Ex.tiff
P102785-A02-8,P102785,A02,8,P102785_A02_s8_x1_y2_Fluorescence_405_nm_Ex.tiff,P102785_A02_s8_x1_y2_Fluorescence_488_nm_Ex.tiff,P102785_A02_s8_x1_y2_Fluorescence_561_nm_Ex.tiff,P102785_A02_s8_x1_y2_Fluorescence_638_nm_Ex.tiff,P102785_A02_s8_x1_y2_Fluorescence_730_nm_Ex.tiff
P102785-A02-9,P102785,A02,9,P102785_A02_s9_x2_y2_Fluorescence_405_nm_Ex.tiff,P102785_A02_s9_x2_y2_Fluorescence_488_nm_Ex.tiff,P102785_A02_s9_x2_y2_Fluorescence_561_nm_Ex.tiff,P102785_A02_s9_x2_y2_Fluorescence_638_nm_Ex.tiff,P102785_A02_s9_x2_y2_Fluorescence_730_nm_Ex.tiff
P102785-A19-1,P102785,A19,1,P102785_A19_s1_x0_y0_Fluorescence_405_nm_Ex.tiff,P102785_A19_s1_x0_y0_Fluorescence_488_nm_Ex.tiff,P102785_A19_s1_x0_y0_Fluorescence_561_nm_Ex.tiff,P102785_A19_s1_x0_y0_Fluorescence_638_nm_Ex.tiff,P102785_A19_s1_x0_y0_Fluorescence_730_nm_Ex.tiff
P102785-A19-2,P102785,A19,2,P102785_A19_s2_x1_y0_Fluorescence_405_nm_Ex.tiff,P102785_A19_s2_x1_y0_Fluorescence_488_nm_Ex.tiff,P102785_A19_s2_x1_y0_Fluorescence_561_nm_Ex.tiff,P102785_A19_s2_x1_y0_Fluorescence_638_nm_Ex.tiff,P102785_A19_s2_x1_y0_Fluorescence_730_nm_Ex.tiff
P102785-A19-3,P102785,A19,3,P102785_A19_s3_x2_y0_Fluorescence_405_nm_Ex.tiff,P102785_A19_s3_x2_y0_Fluorescence_488_nm_Ex.tiff,P102785_A19_s3_x2_y0_Fluorescence_561_nm_Ex.tiff,P102785_A19_s3_x2_y0_Fluorescence_638_nm_Ex.tiff,P102785_A19_s3_x2_y0_Fluorescence_730_nm_Ex.tiff
P102785-A19-4,P102785,A19,4,P102785_A19_s4_x0_y1_Fluorescence_405_nm_Ex.tiff,P102785_A19_s4_x0_y1_Fluorescence_488_nm_Ex.tiff,P102785_A19_s4_x0_y1_Fluorescence_561_nm_Ex.tiff,P102785_A19_s4_x0_y1_Fluorescence_638_nm_Ex.tiff,P102785_A19_s4_x0_y1_Fluorescence_730_nm_Ex.tiff
P102785-A19-5,P102785,A19,5,P102785_A19_s5_x1_y1_Fluorescence_405_nm_Ex.tiff,P102785_A19_s5_x1_y1_Fluorescence_488_nm_Ex.tiff,P102785_A19_s5_x1_y1_Fluorescence_561_nm_Ex.tiff,P102785_A19_s5_x1_y1_Fluorescence_638_nm_Ex.tiff,P102785_A19_s5_x1_y1_Fluorescence_730_nm_Ex.tiff
P102785-A19-6,P102785,A19,6,P102785_A19_s6_x2_y1_Fluorescence_405_nm_Ex.tiff,P102785_A19_s6_x2_y1_Fluorescence_488_nm_Ex.tiff,P102785_A19_s6_x2_y1_Fluorescence_561_nm_Ex.tiff,P102785_A19_s6_x2_y1_Fluorescence_638_nm_Ex.tiff,P102785_A19_s6_x2_y1_Fluorescence_730_nm_Ex.tiff
P102785-A19-7,P102785,A19,7,P102785_A19_s7_x0_y2_Fluorescence_405_nm_Ex.tiff,P102785_A19_s7_x0_y2_Fluorescence_488_nm_Ex.tiff,P102785_A19_s7_x0_y2_Fluorescence_561_nm_Ex.tiff,P102785_A19_s7_x0_y2_Fluorescence_638_nm_Ex.tiff,P102785_A19_s7_x0_y2_Fluorescence_730_nm_Ex.tiff
P102785-A19-8,P102785,A19,8,P102785_A19_s8_x1_y2_Fluorescence_405_nm_Ex.tiff,P102785_A19_s8_x1_y2_Fluorescence_488_nm_Ex.tiff,P102785_A19_s8_x1_y2_Fluorescence_561_nm_Ex.tiff,P102785_A19_s8_x1_y2_Fluorescence_638_nm_Ex.tiff,P102785_A19_s8_x1_y2_Fluorescence_730_nm_Ex.tiff
P102785-A19-9,P102785,A19,9,P102785_A19_s9_x2_y2_Fluorescence_405_nm_Ex.tiff,P102785_A19_s9_x2_y2_Fluorescence_488_nm_Ex.tiff,P102785_A19_s9_x2_y2_Fluorescence_561_nm_Ex.tiff,P102785_A19_s9_x2_y2_Fluorescence_638_nm_Ex.tiff,P102785_A19_s9_x2_y2_Fluorescence_730_nm_Ex.tiff
P102785-B07-1,P102785,B07,1,P102785_B07_s1_x0_y0_Fluorescence_405_nm_Ex.tiff,P102785_B07_s1_x0_y0_Fluorescence_488_nm_Ex.tiff,P102785_B07_s1_x0_y0_Fluorescence_561_nm_Ex.tiff,P102785_B07_s1_x0_y0_Fluorescence_638_nm_Ex.tiff,P102785_B07_s1_x0_y0_Fluorescence_730_nm_Ex.tiff
P102785-B07-2,P102785,B07,2,P102785_B07_s2_x1_y0_Fluorescence_405_nm_Ex.tiff,P102785_B07_s2_x1_y0_Fluorescence_488_nm_Ex.tiff,P102785_B07_s2_x1_y0_Fluorescence_561_nm_Ex.tiff,P102785_B07_s2_x1_y0_Fluorescence_638_nm_Ex.tiff,P102785_B07_s2_x1_y0_Fluorescence_730_nm_Ex.tiff
P102785-B07-3,P102785,B07,3,P102785_B07_s3_x2_y0_Fluorescence_405_nm_Ex.tiff,P102785_B07_s3_x2_y0_Fluorescence_488_nm_Ex.tiff,P102785_B07_s3_x2_y0_Fluorescence_561_nm_Ex.tiff,P102785_B07_s3_x2_y0_Fluorescence_638_nm_Ex.tiff,P102785_B07_s3_x2_y0_Fluorescence_730_nm_Ex.tiff
P102785-B07-4,P102785,B07,4,P102785_B07_s4_x0_y1_Fluorescence_405_nm_Ex.tiff,P102785_B07_s4_x0_y1_Fluorescence_488_nm_Ex.tiff,P102785_B07_s4_x0_y1_Fluorescence_561_nm_Ex.tiff,P102785_B07_s4_x0_y1_Fluorescence_638_nm_Ex.tiff,P102785_B07_s4_x0_y1_Fluorescence_730_nm_Ex.tiff
P102785-B07-5,P102785,B07,5,P102785_B07_s5_x1_y1_Fluorescence_405_nm_Ex.tiff,P102785_B07_s5_x1_y1_Fluorescence_488_nm_Ex.tiff,P102785_B07_s5_x1_y1_Fluorescence_561_nm_Ex.tiff,P102785_B07_s5_x1_y1_Fluorescence_638_nm_Ex.tiff,P102785_B07_s5_x1_y1_Fluorescence_730_nm_Ex.tiff
P102785-B07-6,P102785,B07,6,P102785_B07_s6_x2_y1_Fluorescence_405_nm_Ex.tiff,P102785_B07_s6_x2_y1_Fluorescence_488_nm_Ex.tiff,P102785_B07_s6_x2_y1_Fluorescence_561_nm_Ex.tiff,P102785_B07_s6_x2_y1_Fluorescence_638_nm_Ex.tiff,P102785_B07_s6_x2_y1_Fluorescence_730_nm_Ex.tiff
P102785-B07-7,P102785,B07,7,P102785_B07_s7_x0_y2_Fluorescence_405_nm_Ex.tiff,P102785_B07_s7_x0_y2_Fluorescence_488_nm_Ex.tiff,P102785_B07_s7_x0_y2_Fluorescence_561_nm_Ex.tiff,P102785_B07_s7_x0_y2_Fluorescence_638_nm_Ex.tiff,P102785_B07_s7_x0_y2_Fluorescence_730_nm_Ex.tiff
P102785-B07-8,P102785,B07,8,P102785_B07_s8_x1_y2_Fluorescence_405_nm_Ex.tiff,P102785_B07_s8_x1_y2_Fluorescence_488_nm_Ex.tiff,P102785_B07_s8_x1_y2_Fluorescence_561_nm_Ex.tiff,P102785_B07_s8_x1_y2_Fluorescence_638_nm_Ex.tiff,P102785_B07_s8_x1_y2_Fluorescence_730_nm_Ex.tiff
P102785-B07-9,P102785,B07,9,P102785_B07_s9_x2_y2_Fluorescence_405_nm_Ex.tiff,P102785_B07_s9_x2_y2_Fluorescence_488_nm_Ex.tiff,P102785_B07_s9_x2_y2_Fluorescence_561_nm_Ex.tiff,P102785_B07_s9_x2_y2_Fluorescence_638_nm_Ex.tiff,P102785_B07_s9_x2_y2_Fluorescence_730_nm_Ex.tiff
P102785-C10-1,P102785,C10,1,P102785_C10_s1_x0_y0_Fluorescence_405_nm_Ex.tiff,P102785_C10_s1_x0_y0_Fluorescence_488_nm_Ex.tiff,P102785_C10_s1_x0_y0_Fluorescence_561_nm_Ex.tiff,P102785_C10_s1_x0_y0_Fluorescence_638_nm_Ex.tiff,P102785_C10_s1_x0_y0_Fluorescence_730_nm_Ex.tiff
P102785-C10-2,P102785,C10,2,P102785_C10_s2_x1_y0_Fluorescence_405_nm_Ex.tiff,P102785_C10_s2_x1_y0_Fluorescence_488_nm_Ex.tiff,P102785_C10_s2_x1_y0_Fluorescence_561_nm_Ex.tiff,P102785_C10_s2_x1_y0_Fluorescence_638_nm_Ex.tiff,P102785_C10_s2_x1_y0_Fluorescence_730_nm_Ex.tiff
P102785-C10-3,P102785,C10,3,P102785_C10_s3_x2_y0_Fluorescence_405_nm_Ex.tiff,P102785_C10_s3_x2_y0_Fluorescence_488_nm_Ex.tiff,P102785_C10_s3_x2_y0_Fluorescence_561_nm_Ex.tiff,P102785_C10_s3_x2_y0_Fluorescence_638_nm_Ex.tiff,P102785_C10_s3_x2_y0_Fluorescence_730_nm_Ex.tiff
P102785-C10-4,P102785,C10,4,P102785_C10_s4_x0_y1_Fluorescence_405_nm_Ex.tiff,P102785_C10_s4_x0_y1_Fluorescence_488_nm_Ex.tiff,P102785_C10_s4_x0_y1_Fluorescence_561_nm_Ex.tiff,P102785_C10_s4_x0_y1_Fluorescence_638_nm_Ex.tiff,P102785_C10_s4_x0_y1_Fluorescence_730_nm_Ex.tiff
P102785-C10-5,P102785,C10,5,P102785_C10_s5_x1_y1_Fluorescence_405_nm_Ex.tiff,P102785_C10_s5_x1_y1_Fluorescence_488_nm_Ex.tiff,P102785_C10_s5_x1_y1_Fluorescence_561_nm_Ex.tiff,P102785_C10_s5_x1_y1_Fluorescence_638_nm_Ex.tiff,P102785_C10_s5_x1_y1_Fluorescence_730_nm_Ex.tiff
P102785-C10-6,P102785,C10,6,P102785_C10_s6_x2_y1_Fluorescence_405_nm_Ex.tiff,P102785_C10_s6_x2_y1_Fluorescence_488_nm_Ex.tiff,P102785_C10_s6_x2_y1_Fluorescence_561_nm_Ex.tiff,P102785_C10_s6_x2_y1_Fluorescence_638_nm_Ex.tiff,P102785_C10_s6_x2_y1_Fluorescence_730_nm_Ex.tiff
P102785-C10-7,P102785,C10,7,P102785_C10_s7_x0_y2_Fluorescence_405_nm_Ex.tiff,P102785_C10_s7_x0_y2_Fluorescence_488_nm_Ex.tiff,P102785_C10_s7_x0_y2_Fluorescence_561_nm_Ex.tiff,P102785_C10_s7_x0_y2_Fluorescence_638_nm_Ex.tiff,P102785_C10_s7_x0_y2_Fluorescence_730_nm_Ex.tiff
P102785-C10-8,P102785,C10,8,P102785_C10_s8_x1_y2_Fluorescence_405_nm_Ex.tiff,P102785_C10_s8_x1_y2_Fluorescence_488_nm_Ex.tiff,P102785_C10_s8_x1_y2_Fluorescence_561_nm_Ex.tiff,P102785_C10_s8_x1_y2_Fluorescence_638_nm_Ex.tiff,P102785_C10_s8_x1_y2_Fluorescence_730_nm_Ex.tiff
P102785-C10-9,P102785,C10,9,P102785_C10_s9_x2_y2_Fluorescence_405_nm_Ex.tiff,P102785_C10_s9_x2_y2_Fluorescence_488_nm_Ex.tiff,P102785_C10_s9_x2_y2_Fluorescence_561_nm_Ex.tiff,P102785_C10_s9_x2_y2_Fluorescence_638_nm_Ex.tiff,P102785_C10_s9_x2_y2_Fluorescence_730_nm_Ex.tiff
P102785-C15-1,P102785,C15,1,P102785_C15_s1_x0_y0_Fluorescence_405_nm_Ex.tiff,P102785_C15_s1_x0_y0_Fluorescence_488_nm_Ex.tiff,P102785_C15_s1_x0_y0_Fluorescence_561_nm_Ex.tiff,P102785_C15_s1_x0_y0_Fluorescence_638_nm_Ex.tiff,P102785_C15_s1_x0_y0_Fluorescence_730_nm_Ex.tiff
P102785-C15-2,P102785,C15,2,P102785_C15_s2_x1_y0_Fluorescence_405_nm_Ex.tiff,P102785_C15_s2_x1_y0_Fluorescence_488_nm_Ex.tiff,P102785_C15_s2_x1_y0_Fluorescence_561_nm_Ex.tiff,P102785_C15_s2_x1_y0_Fluorescence_638_nm_Ex.tiff,P102785_C15_s2_x1_y0_Fluorescence_730_nm_Ex.tiff
P102785-C15-3,P102785,C15,3,P102785_C15_s3_x2_y0_Fluorescence_405_nm_Ex.tiff,P102785_C15_s3_x2_y0_Fluorescence_488_nm_Ex.tiff,P102785_C15_s3_x2_y0_Fluorescence_561_nm_Ex.tiff,P102785_C15_s3_x2_y0_Fluorescence_638_nm_Ex.tiff,P102785_C15_s3_x2_y0_Fluorescence_730_nm_Ex.tiff
P102785-C15-4,P102785,C15,4,P102785_C15_s4_x0_y1_Fluorescence_405_nm_Ex.tiff,P102785_C15_s4_x0_y1_Fluorescence_488_nm_Ex.tiff,P102785_C15_s4_x0_y1_Fluorescence_561_nm_Ex.tiff,P102785_C15_s4_x0_y1_Fluorescence_638_nm_Ex.tiff,P102785_C15_s4_x0_y1_Fluorescence_730_nm_Ex.tiff
P102785-C15-5,P102785,C15,5,P102785_C15_s5_x1_y1_Fluorescence_405_nm_Ex.tiff,P102785_C15_s5_x1_y1_Fluorescence_488_nm_Ex.tiff,P102785_C15_s5_x1_y1_Fluorescence_561_nm_Ex.tiff,P102785_C15_s5_x1_y1_Fluorescence_638_nm_Ex.tiff,P102785_C15_s5_x1_y1_Fluorescence_730_nm_Ex.tiff
P102785-C15-6,P102785,C15,6,P102785_C15_s6_x2_y1_Fluorescence_405_nm_Ex.tiff,P102785_C15_s6_x2_y1_Fluorescence_488_nm_Ex.tiff,P102785_C15_s6_x2_y1_Fluorescence_561_nm_Ex.tiff,P102785_C15_s6_x2_y1_Fluorescence_638_nm_Ex.tiff,P102785_C15_s6_x2_y1_Fluorescence_730_nm_Ex.tiff
P102785-C15-7,P102785,C15,7,P102785_C15_s7_x0_y2_Fluorescence_405_nm_Ex.tiff,P102785_C15_s7_x0_y2_Fluorescence_488_nm_Ex.tiff,P102785_C15_s7_x0_y2_Fluorescence_561_nm_Ex.tiff,P102785_C15_s7_x0_y2_Fluorescence_638_nm_Ex.tiff,P102785_C15_s7_x0_y2_Fluorescence_730_nm_Ex.tiff
P102785-C15-8,P102785,C15,8,P102785_C15_s8_x1_y2_Fluorescence_405_nm_Ex.tiff,P102785_C15_s8_x1_y2_Fluorescence_488_nm_Ex.tiff,P102785_C15_s8_x1_y2_Fluorescence_561_nm_Ex.tiff,P102785_C15_s8_x1_y2_Fluorescence_638_nm_Ex.tiff,P102785_C15_s8_x1_y2_Fluorescence_730_nm_Ex.tiff
P102785-C15-9,P102785,C15,9,P102785_C15_s9_x2_y2_Fluorescence_405_nm_Ex.tiff,P102785_C15_s9_x2_y2_Fluorescence_488_nm_Ex.tiff,P102785_C15_s9_x2_y2_Fluorescence_561_nm_Ex.tiff,P102785_C15_s9_x2_y2_Fluorescence_638_nm_Ex.tiff,P102785_C15_s9_x2_y2_Fluorescence_730_nm_Ex.tiff
P102785-D23-1,P102785,D23,1,P102785_D23_s1_x0_y0_Fluorescence_405_nm_Ex.tiff,P102785_D23_s1_x0_y0_Fluorescence_488_nm_Ex.tiff,P102785_D23_s1_x0_y0_Fluorescence_561_nm_Ex.tiff,P102785_D23_s1_x0_y0_Fluorescence_638_nm_Ex.tiff,P102785_D23_s1_x0_y0_Fluorescence_730_nm_Ex.tiff
P102785-D23-2,P102785,D23,2,P102785_D23_s2_x1_y0_Fluorescence_405_nm_Ex.tiff,P102785_D23_s2_x1_y0_Fluorescence_488_nm_Ex.tiff,P102785_D23_s2_x1_y0_Fluorescence_561_nm_Ex.tiff,P102785_D23_s2_x1_y0_Fluorescence_638_nm_Ex.tiff,P102785_D23_s2_x1_y0_Fluorescence_730_nm_Ex.tiff
P102785-D23-3,P102785,D23,3,P102785_D23_s3_x2_y0_Fluorescence_405_nm_Ex.tiff,P102785_D23_s3_x2_y0_Fluorescence_488_nm_Ex.tiff,P102785_D23_s3_x2_y0_Fluorescence_561_nm_Ex.tiff,P102785_D23_s3_x2_y0_Fluorescence_638_nm_Ex.tiff,P102785_D23_s3_x2_y0_Fluorescence_730_nm_Ex.tiff
P102785-D23-4,P102785,D23,4,P102785_D23_s4_x0_y1_Fluorescence_405_nm_Ex.tiff,P102785_D23_s4_x0_y1_Fluorescence_488_nm_Ex.tiff,P102785_D23_s4_x0_y1_Fluorescence_561_nm_Ex.tiff,P102785_D23_s4_x0_y1_Fluorescence_638_nm_Ex.tiff,P102785_D23_s4_x0_y1_Fluorescence_730_nm_Ex.tiff
P102785-D23-5,P102785,D23,5,P102785_D23_s5_x1_y1_Fluorescence_405_nm_Ex.tiff,P102785_D23_s5_x1_y1_Fluorescence_488_nm_Ex.tiff,P102785_D23_s5_x1_y1_Fluorescence_561_nm_Ex.tiff,P102785_D23_s5_x1_y1_Fluorescence_638_nm_Ex.tiff,P102785_D23_s5_x1_y1_Fluorescence_730_nm_Ex.tiff
P102785-D23-6,P102785,D23,6,P102785_D23_s6_x2_y1_Fluorescence_405_nm_Ex.tiff,P102785_D23_s6_x2_y1_Fluorescence_488_nm_Ex.tiff,P102785_D23_s6_x2_y1_Fluorescence_561_nm_Ex.tiff,P102785_D23_s6_x2_y1_Fluorescence_638_nm_Ex.tiff,P102785_D23_s6_x2_y1_Fluorescence_730_nm_Ex.tiff
P102785-D23-7,P102785,D23,7,P102785_D23_s7_x0_y2_Fluorescence_405_nm_Ex.tiff,P102785_D23_s7_x0_y2_Fluorescence_488_nm_Ex.tiff,P102785_D23_s7_x0_y2_Fluorescence_561_nm_Ex.tiff,P102785_D23_s7_x0_y2_Fluorescence_638_nm_Ex.tiff,P102785_D23_s7_x0_y2_Fluorescence_730_nm_Ex.tiff
P102785-D23-8,P102785,D23,8,P102785_D23_s8_x1_y2_Fluorescence_405_nm_Ex.tiff,P102785_D23_s8_x1_y2_Fluorescence_488_nm_Ex.tiff,P102785_D23_s8_x1_y2_Fluorescence_561_nm_Ex.tiff,P102785_D23_s8_x1_y2_Fluorescence_638_nm_Ex.tiff,P102785_D23_s8_x1_y2_Fluorescence_730_nm_Ex.tiff
P102785-D23-9,P102785,D23,9,P102785_D23_s9_x2_y2_Fluorescence_405_nm_Ex.tiff,P102785_D23_s9_x2_y2_Fluorescence_488_nm_Ex.tiff,P102785_D23_s9_x2_y2_Fluorescence_561_nm_Ex.tiff,P102785_D23_s9_x2_y2_Fluorescence_638_nm_Ex.tiff,P102785_D23_s9_x2_y2_Fluorescence_730_nm_Ex.tiff
P102785-E06-1,P102785,E06,1,P102785_E06_s1_x0_y0_Fluorescence_405_nm_Ex.tiff,P102785_E06_s1_x0_y0_Fluorescence_488_nm_Ex.tiff,P102785_E06_s1_x0_y0_Fluorescence_561_nm_Ex.tiff,P102785_E06_s1_x0_y0_Fluorescence_638_nm_Ex.tiff,P102785_E06_s1_x0_y0_Fluorescence_730_nm_Ex.tiff
P102785-E06-2,P102785,E06,2,P102785_E06_s2_x1_y0_Fluorescence_405_nm_Ex.tiff,P102785_E06_s2_x1_y0_Fluorescence_488_nm_Ex.tiff,P102785_E06_s2_x1_y0_Fluorescence_561_nm_Ex.tiff,P102785_E06_s2_x1_y0_Fluorescence_638_nm_Ex.tiff,P102785_E06_s2_x1_y0_Fluorescence_730_nm_Ex.tiff
P102785-E06-3,P102785,E06,3,P102785_E06_s3_x2_y0_Fluorescence_405_nm_Ex.tiff,P102785_E06_s3_x2_y0_Fluorescence_488_nm_Ex.tiff,P102785_E06_s3_x2_y0_Fluorescence_561_nm_Ex.tiff,P102785_E06_s3_x2_y0_Fluorescence_638_nm_Ex.tiff,P102785_E06_s3_x2_y0_Fluorescence_730_nm_Ex.tiff
P102785-E06-4,P102785,E06,4,P102785_E06_s4_x0_y1_Fluorescence_405_nm_Ex.tiff,P102785_E06_s4_x0_y1_Fluorescence_488_nm_Ex.tiff,P102785_E06_s4_x0_y1_Fluorescence_561_nm_Ex.tiff,P102785_E06_s4_x0_y1_Fluorescence_638_nm_Ex.tiff,P102785_E06_s4_x0_y1_Fluorescence_730_nm_Ex.tiff
P102785-E06-5,P102785,E06,5,P102785_E06_s5_x1_y1_Fluorescence_405_nm_Ex.tiff,P102785_E06_s5_x1_y1_Fluorescence_488_nm_Ex.tiff,P102785_E06_s5_x1_y1_Fluorescence_561_nm_Ex.tiff,P102785_E06_s5_x1_y1_Fluorescence_638_nm_Ex.tiff,P102785_E06_s5_x1_y1_Fluorescence_730_nm_Ex.tiff
P102785-E06-6,P102785,E06,6,P102785_E06_s6_x2_y1_Fluorescence_405_nm_Ex.tiff,P102785_E06_s6_x2_y1_Fluorescence_488_nm_Ex.tiff,P102785_E06_s6_x2_y1_Fluorescence_561_nm_Ex.tiff,P102785_E06_s6_x2_y1_Fluorescence_638_nm_Ex.tiff,P102785_E06_s6_x2_y1_Fluorescence_730_nm_Ex.tiff
P102785-E06-7,P102785,E06,7,P102785_E06_s7_x0_y2_Fluorescence_405_nm_Ex.tiff,P102785_E06_s7_x0_y2_Fluorescence_488_nm_Ex.tiff,P102785_E06_s7_x0_y2_Fluorescence_561_nm_Ex.tiff,P102785_E06_s7_x0_y2_Fluorescence_638_nm_Ex.tiff,P102785_E06_s7_x0_y2_Fluorescence_730_nm_Ex.tiff
P102785-E06-8,P102785,E06,8,P102785_E06_s8_x1_y2_Fluorescence_405_nm_Ex.tiff,P102785_E06_s8_x1_y2_Fluorescence_488_nm_Ex.tiff,P102785_E06_s8_x1_y2_Fluorescence_561_nm_Ex.tiff,P102785_E06_s8_x1_y2_Fluorescence_638_nm_Ex.tiff,P102785_E06_s8_x1_y2_Fluorescence_730_nm_Ex.tiff
P102785-E06-9,P102785,E06,9,P102785_E06_s9_x2_y2_Fluorescence_405_nm_Ex.tiff,P102785_E06_s9_x2_y2_Fluorescence_488_nm_Ex.tiff,P102785_E06_s9_x2_y2_Fluorescence_561_nm_Ex.tiff,P102785_E06_s9_x2_y2_Fluorescence_638_nm_Ex.tiff,P102785_E06_s9_x2_y2_Fluorescence_730_nm_Ex.tiff
P102785-F03-1,P102785,F03,1,P102785_F03_s1_x0_y0_Fluorescence_405_nm_Ex.tiff,P102785_F03_s1_x0_y0_Fluorescence_488_nm_Ex.tiff,P102785_F03_s1_x0_y0_Fluorescence_561_nm_Ex.tiff,P102785_F03_s1_x0_y0_Fluorescence_638_nm_Ex.tiff,P102785_F03_s1_x0_y0_Fluorescence_730_nm_Ex.tiff
P102785-F03-2,P102785,F03,2,P102785_F03_s2_x1_y0_Fluorescence_405_nm_Ex.tiff,P102785_F03_s2_x1_y0_Fluorescence_488_nm_Ex.tiff,P102785_F03_s2_x1_y0_Fluorescence_561_nm_Ex.tiff,P102785_F03_s2_x1_y0_Fluorescence_638_nm_Ex.tiff,P102785_F03_s2_x1_y0_Fluorescence_730_nm_Ex.tiff
P102785-F03-3,P102785,F03,3,P102785_F03_s3_x2_y0_Fluorescence_405_nm_Ex.tiff,P102785_F03_s3_x2_y0_Fluorescence_488_nm_Ex.tiff,P102785_F03_s3_x2_y0_Fluorescence_561_nm_Ex.tiff,P102785_F03_s3_x2_y0_Fluorescence_638_nm_Ex.tiff,P102785_F03_s3_x2_y0_Fluorescence_730_nm_Ex.tiff
P102785-F03-4,P102785,F03,4,P102785_F03_s4_x0_y1_Fluorescence_405_nm_Ex.tiff,P102785_F03_s4_x0_y1_Fluorescence_488_nm_Ex.tiff,P102785_F03_s4_x0_y1_Fluorescence_561_nm_Ex.tiff,P102785_F03_s4_x0_y1_Fluorescence_638_nm_Ex.tiff,P102785_F03_s4_x0_y1_Fluorescence_730_nm_Ex.tiff
P102785-F03-5,P102785,F03,5,P102785_F03_s5_x1_y1_Fluorescence_405_nm_Ex.tiff,P102785_F03_s5_x1_y1_Fluorescence_488_nm_Ex.tiff,P102785_F03_s5_x1_y1_Fluorescence_561_nm_Ex.tiff,P102785_F03_s5_x1_y1_Fluorescence_638_nm_Ex.tiff,P102785_F03_s5_x1_y1_Fluorescence_730_nm_Ex.tiff
P102785-F03-6,P102785,F03,6,P102785_F03_s6_x2_y1_Fluorescence_405_nm_Ex.tiff,P102785_F03_s6_x2_y1_Fluorescence_488_nm_Ex.tiff,P102785_F03_s6_x2_y1_Fluorescence_561_nm_Ex.tiff,P102785_F03_s6_x2_y1_Fluorescence_638_nm_Ex.tiff,P102785_F03_s6_x2_y1_Fluorescence_730_nm_Ex.tiff
P102785-F03-7,P102785,F03,7,P102785_F03_s7_x0_y2_Fluorescence_405_nm_Ex.tiff,P102785_F03_s7_x0_y2_Fluorescence_488_nm_Ex.tiff,P102785_F03_s7_x0_y2_Fluorescence_561_nm_Ex.tiff,P102785_F03_s7_x0_y2_Fluorescence_638_nm_Ex.tiff,P102785_F03_s7_x0_y2_Fluorescence_730_nm_Ex.tiff
P102785-F03-8,P102785,F03,8,P102785_F03_s8_x1_y2_Fluorescence_405_nm_Ex.tiff,P102785_F03_s8_x1_y2_Fluorescence_488_nm_Ex.tiff,P102785_F03_s8_x1_y2_Fluorescence_561_nm_Ex.tiff,P102785_F03_s8_x1_y2_Fluorescence_638_nm_Ex.tiff,P102785_F03_s8_x1_y2_Fluorescence_730_nm_Ex.tiff
P102785-F03-9,P102785,F03,9,P102785_F03_s9_x2_y2_Fluorescence_405_nm_Ex.tiff,P102785_F03_s9_x2_y2_Fluorescence_488_nm_Ex.tiff,P102785_F03_s9_x2_y2_Fluorescence_561_nm_Ex.tiff,P102785_F03_s9_x2_y2_Fluorescence_638_nm_Ex.tiff,P102785_F03_s9_x2_y2_Fluorescence_730_nm_Ex.tiff
P102785-F14-1,P102785,F14,1,P102785_F14_s1_x0_y0_Fluorescence_405_nm_Ex.tiff,P102785_F14_s1_x0_y0_Fluorescence_488_nm_Ex.tiff,P102785_F14_s1_x0_y0_Fluorescence_561_nm_Ex.tiff,P102785_F14_s1_x0_y0_Fluorescence_638_nm_Ex.tiff,P102785_F14_s1_x0_y0_Fluorescence_730_nm_Ex.tiff
P102785-F14-2,P102785,F14,2,P102785_F14_s2_x1_y0_Fluorescence_405_nm_Ex.tiff,P102785_F14_s2_x1_y0_Fluorescence_488_nm_Ex.tiff,P102785_F14_s2_x1_y0_Fluorescence_561_nm_Ex.tiff,P102785_F14_s2_x1_y0_Fluorescence_638_nm_Ex.tiff,P102785_F14_s2_x1_y0_Fluorescence_730_nm_Ex.tiff
P102785-F14-3,P102785,F14,3,P102785_F14_s3_x2_y0_Fluorescence_405_nm_Ex.tiff,P102785_F14_s3_x2_y0_Fluorescence_488_nm_Ex.tiff,P102785_F14_s3_x2_y0_Fluorescence_561_nm_Ex.tiff,P102785_F14_s3_x2_y0_Fluorescence_638_nm_Ex.tiff,P102785_F14_s3_x2_y0_Fluorescence_730_nm_Ex.tiff
P102785-F14-4,P102785,F14,4,P102785_F14_s4_x0_y1_Fluorescence_405_nm_Ex.tiff,P102785_F14_s4_x0_y1_Fluorescence_488_nm_Ex.tiff,P102785_F14_s4_x0_y1_Fluorescence_561_nm_Ex.tiff,P102785_F14_s4_x0_y1_Fluorescence_638_nm_Ex.tiff,P102785_F14_s4_x0_y1_Fluorescence_730_nm_Ex.tiff
P102785-F14-5,P102785,F14,5,P102785_F14_s5_x1_y1_Fluorescence_405_nm_Ex.tiff,P102785_F14_s5_x1_y1_Fluorescence_488_nm_Ex.tiff,P102785_F14_s5_x1_y1_Fluorescence_561_nm_Ex.tiff,P102785_F14_s5_x1_y1_Fluorescence_638_nm_Ex.tiff,P102785_F14_s5_x1_y1_Fluorescence_730_nm_Ex.tiff
P102785-F14-6,P102785,F14,6,P102785_F14_s6_x2_y1_Fluorescence_405_nm_Ex.tiff,P102785_F14_s6_x2_y1_Fluorescence_488_nm_Ex.tiff,P102785_F14_s6_x2_y1_Fluorescence_561_nm_Ex.tiff,P102785_F14_s6_x2_y1_Fluorescence_638_nm_Ex.tiff,P102785_F14_s6_x2_y1_Fluorescence_730_nm_Ex.tiff
P102785-F14-7,P102785,F14,7,P102785_F14_s7_x0_y2_Fluorescence_405_nm_Ex.tiff,P102785_F14_s7_x0_y2_Fluorescence_488_nm_Ex.tiff,P102785_F14_s7_x0_y2_Fluorescence_561_nm_Ex.tiff,P102785_F14_s7_x0_y2_Fluorescence_638_nm_Ex.tiff,P102785_F14_s7_x0_y2_Fluorescence_730_nm_Ex.tiff
P102785-F14-8,P102785,F14,8,P102785_F14_s8_x1_y2_Fluorescence_405_nm_Ex.tiff,P102785_F14_s8_x1_y2_Fluorescence_488_nm_Ex.tiff,P102785_F14_s8_x1_y2_Fluorescence_561_nm_Ex.tiff,P102785_F14_s8_x1_y2_Fluorescence_638_nm_Ex.tiff,P102785_F14_s8_x1_y2_Fluorescence_730_nm_Ex.tiff
P102785-F14-9,P102785,F14,9,P102785_F14_s9_x2_y2_Fluorescence_405_nm_Ex.tiff,P102785_F14_s9_x2_y2_Fluorescence_488_nm_Ex.tiff,P102785_F14_s9_x2_y2_Fluorescence_561_nm_Ex.tiff,P102785_F14_s9_x2_y2_Fluorescence_638_nm_Ex.tiff,P102785_F14_s9_x2_y2_Fluorescence_730_nm_Ex.tiff
P102785-G11-1,P102785,G11,1,P102785_G11_s1_x0_y0_Fluorescence_405_nm_Ex.tiff,P102785_G11_s1_x0_y0_Fluorescence_488_nm_Ex.tiff,P102785_G11_s1_x0_y0_Fluorescence_561_nm_Ex.tiff,P102785_G11_s1_x0_y0_Fluorescence_638_nm_Ex.tiff,P102785_G11_s1_x0_y0_Fluorescence_730_nm_Ex.tiff
P102785-G11-2,P102785,G11,2,P102785_G11_s2_x1_y0_Fluorescence_405_nm_Ex.tiff,P102785_G11_s2_x1_y0_Fluorescence_488_nm_Ex.tiff,P102785_G11_s2_x1_y0_Fluorescence_561_nm_Ex.tiff,P102785_G11_s2_x1_y0_Fluorescence_638_nm_Ex.tiff,P102785_G11_s2_x1_y0_Fluorescence_730_nm_Ex.tiff
P102785-G11-3,P102785,G11,3,P102785_G11_s3_x2_y0_Fluorescence_405_nm_Ex.tiff,P102785_G11_s3_x2_y0_Fluorescence_488_nm_Ex.tiff,P102785_G11_s3_x2_y0_Fluorescence_561_nm_Ex.tiff,P102785_G11_s3_x2_y0_Fluorescence_638_nm_Ex.tiff,P102785_G11_s3_x2_y0_Fluorescence_730_nm_Ex.tiff
P102785-G11-4,P102785,G11,4,P102785_G11_s4_x0_y1_Fluorescence_405_nm_Ex.tiff,P102785_G11_s4_x0_y1_Fluorescence_488_nm_Ex.tiff,P102785_G11_s4_x0_y1_Fluorescence_561_nm_Ex.tiff,P102785_G11_s4_x0_y1_Fluorescence_638_nm_Ex.tiff,P102785_G11_s4_x0_y1_Fluorescence_730_nm_Ex.tiff
P102785-G11-5,P102785,G11,5,P102785_G11_s5_x1_y1_Fluorescence_405_nm_Ex.tiff,P102785_G11_s5_x1_y1_Fluorescence_488_nm_Ex.tiff,P102785_G11_s5_x1_y1_Fluorescence_561_nm_Ex.tiff,P102785_G11_s5_x1_y1_Fluorescence_638_nm_Ex.tiff,P102785_G11_s5_x1_y1_Fluorescence_730_nm_Ex.tiff
P102785-G11-6,P102785,G11,6,P102785_G11_s6_x2_y1_Fluorescence_405_nm_Ex.tiff,P102785_G11_s6_x2_y1_Fluorescence_488_nm_Ex.tiff,P102785_G11_s6_x2_y1_Fluorescence_561_nm_Ex.tiff,P102785_G11_s6_x2_y1_Fluorescence_638_nm_Ex.tiff,P102785_G11_s6_x2_y1_Fluorescence_730_nm_Ex.tiff
P102785-G11-7,P102785,G11,7,P102785_G11_s7_x0_y2_Fluorescence_405_nm_Ex.tiff,P102785_G11_s7_x0_y2_Fluorescence_488_nm_Ex.tiff,P102785_G11_s7_x0_y2_Fluorescence_561_nm_Ex.tiff,P102785_G11_s7_x0_y2_Fluorescence_638_nm_Ex.tiff,P102785_G11_s7_x0_y2_Fluorescence_730_nm_Ex.tiff
P102785-G11-8,P102785,G11,8,P102785_G11_s8_x1_y2_Fluorescence_405_nm_Ex.tiff,P102785_G11_s8_x1_y2_Fluorescence_488_nm_Ex.tiff,P102785_G11_s8_x1_y2_Fluorescence_561_nm_Ex.tiff,P102785_G11_s8_x1_y2_Fluorescence_638_nm_Ex.tiff,P102785_G11_s8_x1_y2_Fluorescence_730_nm_Ex.tiff
P102785-G11-9,P102785,G11,9,P102785_G11_s9_x2_y2_Fluorescence_405_nm_Ex.tiff,P102785_G11_s9_x2_y2_Fluorescence_488_nm_Ex.tiff,P102785_G11_s9_x2_y2_Fluorescence_561_nm_Ex.tiff,P102785_G11_s9_x2_y2_Fluorescence_638_nm_Ex.tiff,P102785_G11_s9_x2_y2_Fluorescence_730_nm_Ex.tiff
P102785-G22-1,P102785,G22,1,P102785_G22_s1_x0_y0_Fluorescence_405_nm_Ex.tiff,P102785_G22_s1_x0_y0_Fluorescence_488_nm_Ex.tiff,P102785_G22_s1_x0_y0_Fluorescence_561_nm_Ex.tiff,P102785_G22_s1_x0_y0_Fluorescence_638_nm_Ex.tiff,P102785_G22_s1_x0_y0_Fluorescence_730_nm_Ex.tiff
P102785-G22-2,P102785,G22,2,P102785_G22_s2_x1_y0_Fluorescence_405_nm_Ex.tiff,P102785_G22_s2_x1_y0_Fluorescence_488_nm_Ex.tiff,P102785_G22_s2_x1_y0_Fluorescence_561_nm_Ex.tiff,P102785_G22_s2_x1_y0_Fluorescence_638_nm_Ex.tiff,P102785_G22_s2_x1_y0_Fluorescence_730_nm_Ex.tiff
P102785-G22-3,P102785,G22,3,P102785_G22_s3_x2_y0_Fluorescence_405_nm_Ex.tiff,P102785_G22_s3_x2_y0_Fluorescence_488_nm_Ex.tiff,P102785_G22_s3_x2_y0_Fluorescence_561_nm_Ex.tiff,P102785_G22_s3_x2_y0_Fluorescence_638_nm_Ex.tiff,P102785_G22_s3_x2_y0_Fluorescence_730_nm_Ex.tiff
P102785-G22-4,P102785,G22,4,P102785_G22_s4_x0_y1_Fluorescence_405_nm_Ex.tiff,P102785_G22_s4_x0_y1_Fluorescence_488_nm_Ex.tiff,P102785_G22_s4_x0_y1_Fluorescence_561_nm_Ex.tiff,P102785_G22_s4_x0_y1_Fluorescence_638_nm_Ex.tiff,P102785_G22_s4_x0_y1_Fluorescence_730_nm_Ex.tiff
P102785-G22-5,P102785,G22,5,P102785_G22_s5_x1_y1_Fluorescence_405_nm_Ex.tiff,P102785_G22_s5_x1_y1_Fluorescence_488_nm_Ex.tiff,P102785_G22_s5_x1_y1_Fluorescence_561_nm_Ex.tiff,P102785_G22_s5_x1_y1_Fluorescence_638_nm_Ex.tiff,P102785_G22_s5_x1_y1_Fluorescence_730_nm_Ex.tiff
P102785-G22-6,P102785,G22,6,P102785_G22_s6_x2_y1_Fluorescence_405_nm_Ex.tiff,P102785_G22_s6_x2_y1_Fluorescence_488_nm_Ex.tiff,P102785_G22_s6_x2_y1_Fluorescence_561_nm_Ex.tiff,P102785_G22_s6_x2_y1_Fluorescence_638_nm_Ex.tiff,P102785_G22_s6_x2_y1_Fluorescence_730_nm_Ex.tiff
P102785-G22-7,P102785,G22,7,P102785_G22_s7_x0_y2_Fluorescence_405_nm_Ex.tiff,P102785_G22_s7_x0_y2_Fluorescence_488_nm_Ex.tiff,P102785_G22_s7_x0_y2_Fluorescence_561_nm_Ex.tiff,P102785_G22_s7_x0_y2_Fluorescence_638_nm_Ex.tiff,P102785_G22_s7_x0_y2_Fluorescence_730_nm_Ex.tiff
P102785-G22-8,P102785,G22,8,P102785_G22_s8_x1_y2_Fluorescence_405_nm_Ex.tiff,P102785_G22_s8_x1_y2_Fluorescence_488_nm_Ex.tiff,P102785_G22_s8_x1_y2_Fluorescence_561_nm_Ex.tiff,P102785_G22_s8_x1_y2_Fluorescence_638_nm_Ex.tiff,P102785_G22_s8_x1_y2_Fluorescence_730_nm_Ex.tiff
P102785-G22-9,P102785,G22,9,P102785_G22_s9_x2_y2_Fluorescence_405_nm_Ex.tiff,P102785_G22_s9_x2_y2_Fluorescence_488_nm_Ex.tiff,P102785_G22_s9_x2_y2_Fluorescence_561_nm_Ex.tiff,P102785_G22_s9_x2_y2_Fluorescence_638_nm_Ex.tiff,P102785_G22_s9_x2_y2_Fluorescence_730_nm_Ex.tiff
P102785-H18-1,P102785,H18,1,P102785_H18_s1_x0_y0_Fluorescence_405_nm_Ex.tiff,P102785_H18_s1_x0_y0_Fluorescence_488_nm_Ex.tiff,P102785_H18_s1_x0_y0_Fluorescence_561_nm_Ex.tiff,P102785_H18_s1_x0_y0_Fluorescence_638_nm_Ex.tiff,P102785_H18_s1_x0_y0_Fluorescence_730_nm_Ex.tiff
P102785-H18-2,P102785,H18,2,P102785_H18_s2_x1_y0_Fluorescence_405_nm_Ex.tiff,P102785_H18_s2_x1_y0_Fluorescence_488_nm_Ex.tiff,P102785_H18_s2_x1_y0_Fluorescence_561_nm_Ex.tiff,P102785_H18_s2_x1_y0_Fluorescence_638_nm_Ex.tiff,P102785_H18_s2_x1_y0_Fluorescence_730_nm_Ex.tiff
P102785-H18-3,P102785,H18,3,P102785_H18_s3_x2_y0_Fluorescence_405_nm_Ex.tiff,P102785_H18_s3_x2_y0_Fluorescence_488_nm_Ex.tiff,P102785_H18_s3_x2_y0_Fluorescence_561_nm_Ex.tiff,P102785_H18_s3_x2_y0_Fluorescence_638_nm_Ex.tiff,P102785_H18_s3_x2_y0_Fluorescence_730_nm_Ex.tiff
P102785-H18-4,P102785,H18,4,P102785_H18_s4_x0_y1_Fluorescence_405_nm_Ex.tiff,P102785_H18_s4_x0_y1_Fluorescence_488_nm_Ex.tiff,P102785_H18_s4_x0_y1_Fluorescence_561_nm_Ex.tiff,P102785_H18_s4_x0_y1_Fluorescence_638_nm_Ex.tiff,P102785_H18_s4_x0_y1_Fluorescence_730_nm_Ex.tiff
P102785-H18-5,P102785,H18,5,P102785_H18_s5_x1_y1_Fluorescence_405_nm_Ex.tiff,P102785_H18_s5_x1_y1_Fluorescence_488_nm_Ex.tiff,P102785_H18_s5_x1_y1_Fluorescence_561_nm_Ex.tiff,P102785_H18_s5_x1_y1_Fluorescence_638_nm_Ex.tiff,P102785_H18_s5_x1_y1_Fluorescence_730_nm_Ex.tiff
P102785-H18-6,P102785,H18,6,P102785_H18_s6_x2_y1_Fluorescence_405_nm_Ex.tiff,P102785_H18_s6_x2_y1_Fluorescence_488_nm_Ex.tiff,P102785_H18_s6_x2_y1_Fluorescence_561_nm_Ex.tiff,P102785_H18_s6_x2_y1_Fluorescence_638_nm_Ex.tiff,P102785_H18_s6_x2_y1_Fluorescence_730_nm_Ex.tiff
P102785-H18-7,P102785,H18,7,P102785_H18_s7_x0_y2_Fluorescence_405_nm_Ex.tiff,P102785_H18_s7_x0_y2_Fluorescence_488_nm_Ex.tiff,P102785_H18_s7_x0_y2_Fluorescence_561_nm_Ex.tiff,P102785_H18_s7_x0_y2_Fluorescence_638_nm_Ex.tiff,P102785_H18_s7_x0_y2_Fluorescence_730_nm_Ex.tiff
P102785-H18-8,P102785,H18,8,P102785_H18_s8_x1_y2_Fluorescence_405_nm_Ex.tiff,P102785_H18_s8_x1_y2_Fluorescence_488_nm_Ex.tiff,P102785_H18_s8_x1_y2_Fluorescence_561_nm_Ex.tiff,P102785_H18_s8_x1_y2_Fluorescence_638_nm_Ex.tiff,P102785_H18_s8_x1_y2_Fluorescence_730_nm_Ex.tiff
P102785-H18-9,P102785,H18,9,P102785_H18_s9_x2_y2_Fluorescence_405_nm_Ex.tiff,P102785_H18_s9_x2_y2_Fluorescence_488_nm_Ex.tiff,P102785_H18_s9_x2_y2_Fluorescence_561_nm_Ex.tiff,P102785_H18_s9_x2_y2_Fluorescence_638_nm_Ex.tiff,P102785_H18_s9_x2_y2_Fluorescence_730_nm_Ex.tiff
P102785-I08-1,P102785,I08,1,P102785_I08_s1_x0_y0_Fluorescence_405_nm_Ex.tiff,P102785_I08_s1_x0_y0_Fluorescence_488_nm_Ex.tiff,P102785_I08_s1_x0_y0_Fluorescence_561_nm_Ex.tiff,P102785_I08_s1_x0_y0_Fluorescence_638_nm_Ex.tiff,P102785_I08_s1_x0_y0_Fluorescence_730_nm_Ex.tiff
P102785-I08-2,P102785,I08,2,P102785_I08_s2_x1_y0_Fluorescence_405_nm_Ex.tiff,P102785_I08_s2_x1_y0_Fluorescence_488_nm_Ex.tiff,P102785_I08_s2_x1_y0_Fluorescence_561_nm_Ex.tiff,P102785_I08_s2_x1_y0_Fluorescence_638_nm_Ex.tiff,P102785_I08_s2_x1_y0_Fluorescence_730_nm_Ex.tiff
P102785-I08-3,P102785,I08,3,P102785_I08_s3_x2_y0_Fluorescence_405_nm_Ex.tiff,P102785_I08_s3_x2_y0_Fluorescence_488_nm_Ex.tiff,P102785_I08_s3_x2_y0_Fluorescence_561_nm_Ex.tiff,P102785_I08_s3_x2_y0_Fluorescence_638_nm_Ex.tiff,P102785_I08_s3_x2_y0_Fluorescence_730_nm_Ex.tiff
P102785-I08-4,P102785,I08,4,P102785_I08_s4_x0_y1_Fluorescence_405_nm_Ex.tiff,P102785_I08_s4_x0_y1_Fluorescence_488_nm_Ex.tiff,P102785_I08_s4_x0_y1_Fluorescence_561_nm_Ex.tiff,P102785_I08_s4_x0_y1_Fluorescence_638_nm_Ex.tiff,P102785_I08_s4_x0_y1_Fluorescence_730_nm_Ex.tiff
P102785-I08-5,P102785,I08,5,P102785_I08_s5_x1_y1_Fluorescence_405_nm_Ex.tiff,P102785_I08_s5_x1_y1_Fluorescence_488_nm_Ex.tiff,P102785_I08_s5_x1_y1_Fluorescence_561_nm_Ex.tiff,P102785_I08_s5_x1_y1_Fluorescence_638_nm_Ex.tiff,P102785_I08_s5_x1_y1_Fluorescence_730_nm_Ex.tiff
P102785-I08-6,P102785,I08,6,P102785_I08_s6_x2_y1_Fluorescence_405_nm_Ex.tiff,P102785_I08_s6_x2_y1_Fluorescence_488_nm_Ex.tiff,P102785_I08_s6_x2_y1_Fluorescence_561_nm_Ex.tiff,P102785_I08_s6_x2_y1_Fluorescence_638_nm_Ex.tiff,P102785_I08_s6_x2_y1_Fluorescence_730_nm_Ex.tiff
P102785-I08-7,P102785,I08,7,P102785_I08_s7_x0_y2_Fluorescence_405_nm_Ex.tiff,P102785_I08_s7_x0_y2_Fluorescence_488_nm_Ex.tiff,P102785_I08_s7_x0_y2_Fluorescence_561_nm_Ex.tiff,P102785_I08_s7_x0_y2_Fluorescence_638_nm_Ex.tiff,P102785_I08_s7_x0_y2_Fluorescence_730_nm_Ex.tiff
P102785-I08-8,P102785,I08,8,P102785_I08_s8_x1_y2_Fluorescence_405_nm_Ex.tiff,P102785_I08_s8_x1_y2_Fluorescence_488_nm_Ex.tiff,P102785_I08_s8_x1_y2_Fluorescence_561_nm_Ex.tiff,P102785_I08_s8_x1_y2_Fluorescence_638_nm_Ex.tiff,P102785_I08_s8_x1_y2_Fluorescence_730_nm_Ex.tiff
P102785-I08-9,P102785,I08,9,P102785_I08_s9_x2_y2_Fluorescence_405_nm_Ex.tiff,P102785_I08_s9_x2_y2_Fluorescence_488_nm_Ex.tiff,P102785_I08_s9_x2_y2_Fluorescence_561_nm_Ex.tiff,P102785_I08_s9_x2_y2_Fluorescence_638_nm_Ex.tiff,P102785_I08_s9_x2_y2_Fluorescence_730_nm_Ex.tiff
P102785-J12-1,P102785,J12,1,P102785_J12_s1_x0_y0_Fluorescence_405_nm_Ex.tiff,P102785_J12_s1_x0_y0_Fluorescence_488_nm_Ex.tiff,P102785_J12_s1_x0_y0_Fluorescence_561_nm_Ex.tiff,P102785_J12_s1_x0_y0_Fluorescence_638_nm_Ex.tiff,P102785_J12_s1_x0_y0_Fluorescence_730_nm_Ex.tiff
P102785-J12-2,P102785,J12,2,P102785_J12_s2_x1_y0_Fluorescence_405_nm_Ex.tiff,P102785_J12_s2_x1_y0_Fluorescence_488_nm_Ex.tiff,P102785_J12_s2_x1_y0_Fluorescence_561_nm_Ex.tiff,P102785_J12_s2_x1_y0_Fluorescence_638_nm_Ex.tiff,P102785_J12_s2_x1_y0_Fluorescence_730_nm_Ex.tiff
P102785-J12-3,P102785,J12,3,P102785_J12_s3_x2_y0_Fluorescence_405_nm_Ex.tiff,P102785_J12_s3_x2_y0_Fluorescence_488_nm_Ex.tiff,P102785_J12_s3_x2_y0_Fluorescence_561_nm_Ex.tiff,P102785_J12_s3_x2_y0_Fluorescence_638_nm_Ex.tiff,P102785_J12_s3_x2_y0_Fluorescence_730_nm_Ex.tiff
P102785-J12-4,P102785,J12,4,P102785_J12_s4_x0_y1_Fluorescence_405_nm_Ex.tiff,P102785_J12_s4_x0_y1_Fluorescence_488_nm_Ex.tiff,P102785_J12_s4_x0_y1_Fluorescence_561_nm_Ex.tiff,P102785_J12_s4_x0_y1_Fluorescence_638_nm_Ex.tiff,P102785_J12_s4_x0_y1_Fluorescence_730_nm_Ex.tiff
P102785-J12-5,P102785,J12,5,P102785_J12_s5_x1_y1_Fluorescence_405_nm_Ex.tiff,P102785_J12_s5_x1_y1_Fluorescence_488_nm_Ex.tiff,P102785_J12_s5_x1_y1_Fluorescence_561_nm_Ex.tiff,P102785_J12_s5_x1_y1_Fluorescence_638_nm_Ex.tiff,P102785_J12_s5_x1_y1_Fluorescence_730_nm_Ex.tiff
P102785-J12-6,P102785,J12,6,P102785_J12_s6_x2_y1_Fluorescence_405_nm_Ex.tiff,P102785_J12_s6_x2_y1_Fluorescence_488_nm_Ex.tiff,P102785_J12_s6_x2_y1_Fluorescence_561_nm_Ex.tiff,P102785_J12_s6_x2_y1_Fluorescence_638_nm_Ex.tiff,P102785_J12_s6_x2_y1_Fluorescence_730_nm_Ex.tiff
P102785-J12-7,P102785,J12,7,P102785_J12_s7_x0_y2_Fluorescence_405_nm_Ex.tiff,P102785_J12_s7_x0_y2_Fluorescence_488_nm_Ex.tiff,P102785_J12_s7_x0_y2_Fluorescence_561_nm_Ex.tiff,P102785_J12_s7_x0_y2_Fluorescence_638_nm_Ex.tiff,P102785_J12_s7_x0_y2_Fluorescence_730_nm_Ex.tiff
P102785-J12-8,P102785,J12,8,P102785_J12_s8_x1_y2_Fluorescence_405_nm_Ex.tiff,P102785_J12_s8_x1_y2_Fluorescence_488_nm_Ex.tiff,P102785_J12_s8_x1_y2_Fluorescence_561_nm_Ex.tiff,P102785_J12_s8_x1_y2_Fluorescence_638_nm_Ex.tiff,P102785_J12_s8_x1_y2_Fluorescence_730_nm_Ex.tiff
P102785-J12-9,P102785,J12,9,P102785_J12_s9_x2_y2_Fluorescence_405_nm_Ex.tiff,P102785_J12_s9_x2_y2_Fluorescence_488_nm_Ex.tiff,P102785_J12_s9_x2_y2_Fluorescence_561_nm_Ex.tiff,P102785_J12_s9_x2_y2_Fluorescence_638_nm_Ex.tiff,P102785_J12_s9_x2_y2_Fluorescence_730_nm_Ex.tiff
P102785-J24-1,P102785,J24,1,P102785_J24_s1_x0_y0_Fluorescence_405_nm_Ex.tiff,P102785_J24_s1_x0_y0_Fluorescence_488_nm_Ex.tiff,P102785_J24_s1_x0_y0_Fluorescence_561_nm_Ex.tiff,P102785_J24_s1_x0_y0_Fluorescence_638_nm_Ex.tiff,P102785_J24_s1_x0_y0_Fluorescence_730_nm_Ex.tiff
P102785-J24-2,P102785,J24,2,P102785_J24_s2_x1_y0_Fluorescence_405_nm_Ex.tiff,P102785_J24_s2_x1_y0_Fluorescence_488_nm_Ex.tiff,P102785_J24_s2_x1_y0_Fluorescence_561_nm_Ex.tiff,P102785_J24_s2_x1_y0_Fluorescence_638_nm_Ex.tiff,P102785_J24_s2_x1_y0_Fluorescence_730_nm_Ex.tiff
P102785-J24-3,P102785,J24,3,P102785_J24_s3_x2_y0_Fluorescence_405_nm_Ex.tiff,P102785_J24_s3_x2_y0_Fluorescence_488_nm_Ex.tiff,P102785_J24_s3_x2_y0_Fluorescence_561_nm_Ex.tiff,P102785_J24_s3_x2_y0_Fluorescence_638_nm_Ex.tiff,P102785_J24_s3_x2_y0_Fluorescence_730_nm_Ex.tiff
P102785-J24-4,P102785,J24,4,P102785_J24_s4_x0_y1_Fluorescence_405_nm_Ex.tiff,P102785_J24_s4_x0_y1_Fluorescence_488_nm_Ex.tiff,P102785_J24_s4_x0_y1_Fluorescence_561_nm_Ex.tiff,P102785_J24_s4_x0_y1_Fluorescence_638_nm_Ex.tiff,P102785_J24_s4_x0_y1_Fluorescence_730_nm_Ex.tiff
P102785-J24-5,P102785,J24,5,P102785_J24_s5_x1_y1_Fluorescence_405_nm_Ex.tiff,P102785_J24_s5_x1_y1_Fluorescence_488_nm_Ex.tiff,P102785_J24_s5_x1_y1_Fluorescence_561_nm_Ex.tiff,P102785_J24_s5_x1_y1_Fluorescence_638_nm_Ex.tiff,P102785_J24_s5_x1_y1_Fluorescence_730_nm_Ex.tiff
P102785-J24-6,P102785,J24,6,P102785_J24_s6_x2_y1_Fluorescence_405_nm_Ex.tiff,P102785_J24_s6_x2_y1_Fluorescence_488_nm_Ex.tiff,P102785_J24_s6_x2_y1_Fluorescence_561_nm_Ex.tiff,P102785_J24_s6_x2_y1_Fluorescence_638_nm_Ex.tiff,P102785_J24_s6_x2_y1_Fluorescence_730_nm_Ex.tiff
P102785-J24-7,P102785,J24,7,P102785_J24_s7_x0_y2_Fluorescence_405_nm_Ex.tiff,P102785_J24_s7_x0_y2_Fluorescence_488_nm_Ex.tiff,P102785_J24_s7_x0_y2_Fluorescence_561_nm_Ex.tiff,P102785_J24_s7_x0_y2_Fluorescence_638_nm_Ex.tiff,P102785_J24_s7_x0_y2_Fluorescence_730_nm_Ex.tiff
P102785-J24-8,P102785,J24,8,P102785_J24_s8_x1_y2_Fluorescence_405_nm_Ex.tiff,P102785_J24_s8_x1_y2_Fluorescence_488_nm_Ex.tiff,P102785_J24_s8_x1_y2_Fluorescence_561_nm_Ex.tiff,P102785_J24_s8_x1_y2_Fluorescence_638_nm_Ex.tiff,P102785_J24_s8_x1_y2_Fluorescence_730_nm_Ex.tiff
P102785-J24-9,P102785,J24,9,P102785_J24_s9_x2_y2_Fluorescence_405_nm_Ex.tiff,P102785_J24_s9_x2_y2_Fluorescence_488_nm_Ex.tiff,P102785_J24_s9_x2_y2_Fluorescence_561_nm_Ex.tiff,P102785_J24_s9_x2_y2_Fluorescence_638_nm_Ex.tiff,P102785_J24_s9_x2_y2_Fluorescence_730_nm_Ex.tiff
P102785-K01-1,P102785,K01,1,P102785_K01_s1_x0_y0_Fluorescence_405_nm_Ex.tiff,P102785_K01_s1_x0_y0_Fluorescence_488_nm_Ex.tiff,P102785_K01_s1_x0_y0_Fluorescence_561_nm_Ex.tiff,P102785_K01_s1_x0_y0_Fluorescence_638_nm_Ex.tiff,P102785_K01_s1_x0_y0_Fluorescence_730_nm_Ex.tiff
P102785-K01-2,P102785,K01,2,P102785_K01_s2_x1_y0_Fluorescence_405_nm_Ex.tiff,P102785_K01_s2_x1_y0_Fluorescence_488_nm_Ex.tiff,P102785_K01_s2_x1_y0_Fluorescence_561_nm_Ex.tiff,P102785_K01_s2_x1_y0_Fluorescence_638_nm_Ex.tiff,P102785_K01_s2_x1_y0_Fluorescence_730_nm_Ex.tiff
P102785-K01-3,P102785,K01,3,P102785_K01_s3_x2_y0_Fluorescence_405_nm_Ex.tiff,P102785_K01_s3_x2_y0_Fluorescence_488_nm_Ex.tiff,P102785_K01_s3_x2_y0_Fluorescence_561_nm_Ex.tiff,P102785_K01_s3_x2_y0_Fluorescence_638_nm_Ex.tiff,P102785_K01_s3_x2_y0_Fluorescence_730_nm_Ex.tiff
P102785-K01-4,P102785,K01,4,P102785_K01_s4_x0_y1_Fluorescence_405_nm_Ex.tiff,P102785_K01_s4_x0_y1_Fluorescence_488_nm_Ex.tiff,P102785_K01_s4_x0_y1_Fluorescence_561_nm_Ex.tiff,P102785_K01_s4_x0_y1_Fluorescence_638_nm_Ex.tiff,P102785_K01_s4_x0_y1_Fluorescence_730_nm_Ex.tiff
P102785-K01-5,P102785,K01,5,P102785_K01_s5_x1_y1_Fluorescence_405_nm_Ex.tiff,P102785_K01_s5_x1_y1_Fluorescence_488_nm_Ex.tiff,P102785_K01_s5_x1_y1_Fluorescence_561_nm_Ex.tiff,P102785_K01_s5_x1_y1_Fluorescence_638_nm_Ex.tiff,P102785_K01_s5_x1_y1_Fluorescence_730_nm_Ex.tiff
P102785-K01-6,P102785,K01,6,P102785_K01_s6_x2_y1_Fluorescence_405_nm_Ex.tiff,P102785_K01_s6_x2_y1_Fluorescence_488_nm_Ex.tiff,P102785_K01_s6_x2_y1_Fluorescence_561_nm_Ex.tiff,P102785_K01_s6_x2_y1_Fluorescence_638_nm_Ex.tiff,P102785_K01_s6_x2_y1_Fluorescence_730_nm_Ex.tiff
P102785-K01-7,P102785,K01,7,P102785_K01_s7_x0_y2_Fluorescence_405_nm_Ex.tiff,P102785_K01_s7_x0_y2_Fluorescence_488_nm_Ex.tiff,P102785_K01_s7_x0_y2_Fluorescence_561_nm_Ex.tiff,P102785_K01_s7_x0_y2_Fluorescence_638_nm_Ex.tiff,P102785_K01_s7_x0_y2_Fluorescence_730_nm_Ex.tiff
P102785-K01-8,P102785,K01,8,P102785_K01_s8_x1_y2_Fluorescence_405_nm_Ex.tiff,P102785_K01_s8_x1_y2_Fluorescence_488_nm_Ex.tiff,P102785_K01_s8_x1_y2_Fluorescence_561_nm_Ex.tiff,P102785_K01_s8_x1_y2_Fluorescence_638_nm_Ex.tiff,P102785_K01_s8_x1_y2_Fluorescence_730_nm_Ex.tiff
P102785-K01-9,P102785,K01,9,P102785_K01_s9_x2_y2_Fluorescence_405_nm_Ex.tiff,P102785_K01_s9_x2_y2_Fluorescence_488_nm_Ex.tiff,P102785_K01_s9_x2_y2_Fluorescence_561_nm_Ex.tiff,P102785_K01_s9_x2_y2_Fluorescence_638_nm_Ex.tiff,P102785_K01_s9_x2_y2_Fluorescence_730_nm_Ex.tiff
P102785-K17-1,P102785,K17,1,P102785_K17_s1_x0_y0_Fluorescence_405_nm_Ex.tiff,P102785_K17_s1_x0_y0_Fluorescence_488_nm_Ex.tiff,P102785_K17_s1_x0_y0_Fluorescence_561_nm_Ex.tiff,P102785_K17_s1_x0_y0_Fluorescence_638_nm_Ex.tiff,P102785_K17_s1_x0_y0_Fluorescence_730_nm_Ex.tiff
P102785-K17-2,P102785,K17,2,P102785_K17_s2_x1_y0_Fluorescence_405_nm_Ex.tiff,P102785_K17_s2_x1_y0_Fluorescence_488_nm_Ex.tiff,P102785_K17_s2_x1_y0_Fluorescence_561_nm_Ex.tiff,P102785_K17_s2_x1_y0_Fluorescence_638_nm_Ex.tiff,P102785_K17_s2_x1_y0_Fluorescence_730_nm_Ex.tiff
P102785-K17-3,P102785,K17,3,P102785_K17_s3_x2_y0_Fluorescence_405_nm_Ex.tiff,P102785_K17_s3_x2_y0_Fluorescence_488_nm_Ex.tiff,P102785_K17_s3_x2_y0_Fluorescence_561_nm_Ex.tiff,P102785_K17_s3_x2_y0_Fluorescence_638_nm_Ex.tiff,P102785_K17_s3_x2_y0_Fluorescence_730_nm_Ex.tiff
P102785-K17-4,P102785,K17,4,P102785_K17_s4_x0_y1_Fluorescence_405_nm_Ex.tiff,P102785_K17_s4_x0_y1_Fluorescence_488_nm_Ex.tiff,P102785_K17_s4_x0_y1_Fluorescence_561_nm_Ex.tiff,P102785_K17_s4_x0_y1_Fluorescence_638_nm_Ex.tiff,P102785_K17_s4_x0_y1_Fluorescence_730_nm_Ex.tiff
P102785-K17-5,P102785,K17,5,P102785_K17_s5_x1_y1_Fluorescence_405_nm_Ex.tiff,P102785_K17_s5_x1_y1_Fluorescence_488_nm_Ex.tiff,P102785_K17_s5_x1_y1_Fluorescence_561_nm_Ex.tiff,P102785_K17_s5_x1_y1_Fluorescence_638_nm_Ex.tiff,P102785_K17_s5_x1_y1_Fluorescence_730_nm_Ex.tiff
P102785-K17-6,P102785,K17,6,P102785_K17_s6_x2_y1_Fluorescence_405_nm_Ex.tiff,P102785_K17_s6_x2_y1_Fluorescence_488_nm_Ex.tiff,P102785_K17_s6_x2_y1_Fluorescence_561_nm_Ex.tiff,P102785_K17_s6_x2_y1_Fluorescence_638_nm_Ex.tiff,P102785_K17_s6_x2_y1_Fluorescence_730_nm_Ex.tiff
P102785-K17-7,P102785,K17,7,P102785_K17_s7_x0_y2_Fluorescence_405_nm_Ex.tiff,P102785_K17_s7_x0_y2_Fluorescence_488_nm_Ex.tiff,P102785_K17_s7_x0_y2_Fluorescence_561_nm_Ex.tiff,P102785_K17_s7_x0_y2_Fluorescence_638_nm_Ex.tiff,P102785_K17_s7_x0_y2_Fluorescence_730_nm_Ex.tiff
P102785-K17-8,P102785,K17,8,P102785_K17_s8_x1_y2_Fluorescence_405_nm_Ex.tiff,P102785_K17_s8_x1_y2_Fluorescence_488_nm_Ex.tiff,P102785_K17_s8_x1_y2_Fluorescence_561_nm_Ex.tiff,P102785_K17_s8_x1_y2_Fluorescence_638_nm_Ex.tiff,P102785_K17_s8_x1_y2_Fluorescence_730_nm_Ex.tiff
P102785-K17-9,P102785,K17,9,P102785_K17_s9_x2_y2_Fluorescence_405_nm_Ex.tiff,P102785_K17_s9_x2_y2_Fluorescence_488_nm_Ex.tiff,P102785_K17_s9_x2_y2_Fluorescence_561_nm_Ex.tiff,P102785_K17_s9_x2_y2_Fluorescence_638_nm_Ex.tiff,P102785_K17_s9_x2_y2_Fluorescence_730_nm_Ex.tiff
P102785-L05-1,P102785,L05,1,P102785_L05_s1_x0_y0_Fluorescence_405_nm_Ex.tiff,P102785_L05_s1_x0_y0_Fluorescence_488_nm_Ex.tiff,P102785_L05_s1_x0_y0_Fluorescence_561_nm_Ex.tiff,P102785_L05_s1_x0_y0_Fluorescence_638_nm_Ex.tiff,P102785_L05_s1_x0_y0_Fluorescence_730_nm_Ex.tiff
P102785-L05-2,P102785,L05,2,P102785_L05_s2_x1_y0_Fluorescence_405_nm_Ex.tiff,P102785_L05_s2_x1_y0_Fluorescence_488_nm_Ex.tiff,P102785_L05_s2_x1_y0_Fluorescence_561_nm_Ex.tiff,P102785_L05_s2_x1_y0_Fluorescence_638_nm_Ex.tiff,P102785_L05_s2_x1_y0_Fluorescence_730_nm_Ex.tiff
P102785-L05-3,P102785,L05,3,P102785_L05_s3_x2_y0_Fluorescence_405_nm_Ex.tiff,P102785_L05_s3_x2_y0_Fluorescence_488_nm_Ex.tiff,P102785_L05_s3_x2_y0_Fluorescence_561_nm_Ex.tiff,P102785_L05_s3_x2_y0_Fluorescence_638_nm_Ex.tiff,P102785_L05_s3_x2_y0_Fluorescence_730_nm_Ex.tiff
P102785-L05-4,P102785,L05,4,P102785_L05_s4_x0_y1_Fluorescence_405_nm_Ex.tiff,P102785_L05_s4_x0_y1_Fluorescence_488_nm_Ex.tiff,P102785_L05_s4_x0_y1_Fluorescence_561_nm_Ex.tiff,P102785_L05_s4_x0_y1_Fluorescence_638_nm_Ex.tiff,P102785_L05_s4_x0_y1_Fluorescence_730_nm_Ex.tiff
P102785-L05-5,P102785,L05,5,P102785_L05_s5_x1_y1_Fluorescence_405_nm_Ex.tiff,P102785_L05_s5_x1_y1_Fluorescence_488_nm_Ex.tiff,P102785_L05_s5_x1_y1_Fluorescence_561_nm_Ex.tiff,P102785_L05_s5_x1_y1_Fluorescence_638_nm_Ex.tiff,P102785_L05_s5_x1_y1_Fluorescence_730_nm_Ex.tiff
P102785-L05-6,P102785,L05,6,P102785_L05_s6_x2_y1_Fluorescence_405_nm_Ex.tiff,P102785_L05_s6_x2_y1_Fluorescence_488_nm_Ex.tiff,P102785_L05_s6_x2_y1_Fluorescence_561_nm_Ex.tiff,P102785_L05_s6_x2_y1_Fluorescence_638_nm_Ex.tiff,P102785_L05_s6_x2_y1_Fluorescence_730_nm_Ex.tiff
P102785-L05-7,P102785,L05,7,P102785_L05_s7_x0_y2_Fluorescence_405_nm_Ex.tiff,P102785_L05_s7_x0_y2_Fluorescence_488_nm_Ex.tiff,P102785_L05_s7_x0_y2_Fluorescence_561_nm_Ex.tiff,P102785_L05_s7_x0_y2_Fluorescence_638_nm_Ex.tiff,P102785_L05_s7_x0_y2_Fluorescence_730_nm_Ex.tiff
P102785-L05-8,P102785,L05,8,P102785_L05_s8_x1_y2_Fluorescence_405_nm_Ex.tiff,P102785_L05_s8_x1_y2_Fluorescence_488_nm_Ex.tiff,P102785_L05_s8_x1_y2_Fluorescence_561_nm_Ex.tiff,P102785_L05_s8_x1_y2_Fluorescence_638_nm_Ex.tiff,P102785_L05_s8_x1_y2_Fluorescence_730_nm_Ex.tiff
P102785-L05-9,P102785,L05,9,P102785_L05_s9_x2_y2_Fluorescence_405_nm_Ex.tiff,P102785_L05_s9_x2_y2_Fluorescence_488_nm_Ex.tiff,P102785_L05_s9_x2_y2_Fluorescence_561_nm_Ex.tiff,P102785_L05_s9_x2_y2_Fluorescence_638_nm_Ex.tiff,P102785_L05_s9_x2_y2_Fluorescence_730_nm_Ex.tiff
P102785-L20-1,P102785,L20,1,P102785_L20_s1_x0_y0_Fluorescence_405_nm_Ex.tiff,P102785_L20_s1_x0_y0_Fluorescence_488_nm_Ex.tiff,P102785_L20_s1_x0_y0_Fluorescence_561_nm_Ex.tiff,P102785_L20_s1_x0_y0_Fluorescence_638_nm_Ex.tiff,P102785_L20_s1_x0_y0_Fluorescence_730_nm_Ex.tiff
P102785-L20-2,P102785,L20,2,P102785_L20_s2_x1_y0_Fluorescence_405_nm_Ex.tiff,P102785_L20_s2_x1_y0_Fluorescence_488_nm_Ex.tiff,P102785_L20_s2_x1_y0_Fluorescence_561_nm_Ex.tiff,P102785_L20_s2_x1_y0_Fluorescence_638_nm_Ex.tiff,P102785_L20_s2_x1_y0_Fluorescence_730_nm_Ex.tiff
P102785-L20-3,P102785,L20,3,P102785_L20_s3_x2_y0_Fluorescence_405_nm_Ex.tiff,P102785_L20_s3_x2_y0_Fluorescence_488_nm_Ex.tiff,P102785_L20_s3_x2_y0_Fluorescence_561_nm_Ex.tiff,P102785_L20_s3_x2_y0_Fluorescence_638_nm_Ex.tiff,P102785_L20_s3_x2_y0_Fluorescence_730_nm_Ex.tiff
P102785-L20-4,P102785,L20,4,P102785_L20_s4_x0_y1_Fluorescence_405_nm_Ex.tiff,P102785_L20_s4_x0_y1_Fluorescence_488_nm_Ex.tiff,P102785_L20_s4_x0_y1_Fluorescence_561_nm_Ex.tiff,P102785_L20_s4_x0_y1_Fluorescence_638_nm_Ex.tiff,P102785_L20_s4_x0_y1_Fluorescence_730_nm_Ex.tiff
P102785-L20-5,P102785,L20,5,P102785_L20_s5_x1_y1_Fluorescence_405_nm_Ex.tiff,P102785_L20_s5_x1_y1_Fluorescence_488_nm_Ex.tiff,P102785_L20_s5_x1_y1_Fluorescence_561_nm_Ex.tiff,P102785_L20_s5_x1_y1_Fluorescence_638_nm_Ex.tiff,P102785_L20_s5_x1_y1_Fluorescence_730_nm_Ex.tiff
P102785-L20-6,P102785,L20,6,P102785_L20_s6_x2_y1_Fluorescence_405_nm_Ex.tiff,P102785_L20_s6_x2_y1_Fluorescence_488_nm_Ex.tiff,P102785_L20_s6_x2_y1_Fluorescence_561_nm_Ex.tiff,P102785_L20_s6_x2_y1_Fluorescence_638_nm_Ex.tiff,P102785_L20_s6_x2_y1_Fluorescence_730_nm_Ex.tiff
P102785-L20-7,P102785,L20,7,P102785_L20_s7_x0_y2_Fluorescence_405_nm_Ex.tiff,P102785_L20_s7_x0_y2_Fluorescence_488_nm_Ex.tiff,P102785_L20_s7_x0_y2_Fluorescence_561_nm_Ex.tiff,P102785_L20_s7_x0_y2_Fluorescence_638_nm_Ex.tiff,P102785_L20_s7_x0_y2_Fluorescence_730_nm_Ex.tiff
P102785-L20-8,P102785,L20,8,P102785_L20_s8_x1_y2_Fluorescence_405_nm_Ex.tiff,P102785_L20_s8_x1_y2_Fluorescence_488_nm_Ex.tiff,P102785_L20_s8_x1_y2_Fluorescence_561_nm_Ex.tiff,P102785_L20_s8_x1_y2_Fluorescence_638_nm_Ex.tiff,P102785_L20_s8_x1_y2_Fluorescence_730_nm_Ex.tiff
P102785-L20-9,P102785,L20,9,P102785_L20_s9_x2_y2_Fluorescence_405_nm_Ex.tiff,P102785_L20_s9_x2_y2_Fluorescence_488_nm_Ex.tiff,P102785_L20_s9_x2_y2_Fluorescence_561_nm_Ex.tiff,P102785_L20_s9_x2_y2_Fluorescence_638_nm_Ex.tiff,P102785_L20_s9_x2_y2_Fluorescence_730_nm_Ex.tiff
P102785-M09-1,P102785,M09,1,P102785_M09_s1_x0_y0_Fluorescence_405_nm_Ex.tiff,P102785_M09_s1_x0_y0_Fluorescence_488_nm_Ex.tiff,P102785_M09_s1_x0_y0_Fluorescence_561_nm_Ex.tiff,P102785_M09_s1_x0_y0_Fluorescence_638_nm_Ex.tiff,P102785_M09_s1_x0_y0_Fluorescence_730_nm_Ex.tiff
P102785-M09-2,P102785,M09,2,P102785_M09_s2_x1_y0_Fluorescence_405_nm_Ex.tiff,P102785_M09_s2_x1_y0_Fluorescence_488_nm_Ex.tiff,P102785_M09_s2_x1_y0_Fluorescence_561_nm_Ex.tiff,P102785_M09_s2_x1_y0_Fluorescence_638_nm_Ex.tiff,P102785_M09_s2_x1_y0_Fluorescence_730_nm_Ex.tiff
P102785-M09-3,P102785,M09,3,P102785_M09_s3_x2_y0_Fluorescence_405_nm_Ex.tiff,P102785_M09_s3_x2_y0_Fluorescence_488_nm_Ex.tiff,P102785_M09_s3_x2_y0_Fluorescence_561_nm_Ex.tiff,P102785_M09_s3_x2_y0_Fluorescence_638_nm_Ex.tiff,P102785_M09_s3_x2_y0_Fluorescence_730_nm_Ex.tiff
P102785-M09-4,P102785,M09,4,P102785_M09_s4_x0_y1_Fluorescence_405_nm_Ex.tiff,P102785_M09_s4_x0_y1_Fluorescence_488_nm_Ex.tiff,P102785_M09_s4_x0_y1_Fluorescence_561_nm_Ex.tiff,P102785_M09_s4_x0_y1_Fluorescence_638_nm_Ex.tiff,P102785_M09_s4_x0_y1_Fluorescence_730_nm_Ex.tiff
P102785-M09-5,P102785,M09,5,P102785_M09_s5_x1_y1_Fluorescence_405_nm_Ex.tiff,P102785_M09_s5_x1_y1_Fluorescence_488_nm_Ex.tiff,P102785_M09_s5_x1_y1_Fluorescence_561_nm_Ex.tiff,P102785_M09_s5_x1_y1_Fluorescence_638_nm_Ex.tiff,P102785_M09_s5_x1_y1_Fluorescence_730_nm_Ex.tiff
P102785-M09-6,P102785,M09,6,P102785_M09_s6_x2_y1_Fluorescence_405_nm_Ex.tiff,P102785_M09_s6_x2_y1_Fluorescence_488_nm_Ex.tiff,P102785_M09_s6_x2_y1_Fluorescence_561_nm_Ex.tiff,P102785_M09_s6_x2_y1_Fluorescence_638_nm_Ex.tiff,P102785_M09_s6_x2_y1_Fluorescence_730_nm_Ex.tiff
P102785-M09-7,P102785,M09,7,P102785_M09_s7_x0_y2_Fluorescence_405_nm_Ex.tiff,P102785_M09_s7_x0_y2_Fluorescence_488_nm_Ex.tiff,P102785_M09_s7_x0_y2_Fluorescence_561_nm_Ex.tiff,P102785_M09_s7_x0_y2_Fluorescence_638_nm_Ex.tiff,P102785_M09_s7_x0_y2_Fluorescence_730_nm_Ex.tiff
P102785-M09-8,P102785,M09,8,P102785_M09_s8_x1_y2_Fluorescence_405_nm_Ex.tiff,P102785_M09_s8_x1_y2_Fluorescence_488_nm_Ex.tiff,P102785_M09_s8_x1_y2_Fluorescence_561_nm_Ex.tiff,P102785_M09_s8_x1_y2_Fluorescence_638_nm_Ex.tiff,P102785_M09_s8_x1_y2_Fluorescence_730_nm_Ex.tiff
P102785-M09-9,P102785,M09,9,P102785_M09_s9_x2_y2_Fluorescence_405_nm_Ex.tiff,P102785_M09_s9_x2_y2_Fluorescence_488_nm_Ex.tiff,P102785_M09_s9_x2_y2_Fluorescence_561_nm_Ex.tiff,P102785_M09_s9_x2_y2_Fluorescence_638_nm_Ex.tiff,P102785_M09_s9_x2_y2_Fluorescence_730_nm_Ex.tiff
P102785-M13-1,P102785,M13,1,P102785_M13_s1_x0_y0_Fluorescence_405_nm_Ex.tiff,P102785_M13_s1_x0_y0_Fluorescence_488_nm_Ex.tiff,P102785_M13_s1_x0_y0_Fluorescence_561_nm_Ex.tiff,P102785_M13_s1_x0_y0_Fluorescence_638_nm_Ex.tiff,P102785_M13_s1_x0_y0_Fluorescence_730_nm_Ex.tiff
P102785-M13-2,P102785,M13,2,P102785_M13_s2_x1_y0_Fluorescence_405_nm_Ex.tiff,P102785_M13_s2_x1_y0_Fluorescence_488_nm_Ex.tiff,P102785_M13_s2_x1_y0_Fluorescence_561_nm_Ex.tiff,P102785_M13_s2_x1_y0_Fluorescence_638_nm_Ex.tiff,P102785_M13_s2_x1_y0_Fluorescence_730_nm_Ex.tiff
P102785-M13-3,P102785,M13,3,P102785_M13_s3_x2_y0_Fluorescence_405_nm_Ex.tiff,P102785_M13_s3_x2_y0_Fluorescence_488_nm_Ex.tiff,P102785_M13_s3_x2_y0_Fluorescence_561_nm_Ex.tiff,P102785_M13_s3_x2_y0_Fluorescence_638_nm_Ex.tiff,P102785_M13_s3_x2_y0_Fluorescence_730_nm_Ex.tiff
P102785-M13-4,P102785,M13,4,P102785_M13_s4_x0_y1_Fluorescence_405_nm_Ex.tiff,P102785_M13_s4_x0_y1_Fluorescence_488_nm_Ex.tiff,P102785_M13_s4_x0_y1_Fluorescence_561_nm_Ex.tiff,P102785_M13_s4_x0_y1_Fluorescence_638_nm_Ex.tiff,P102785_M13_s4_x0_y1_Fluorescence_730_nm_Ex.tiff
P102785-M13-5,P102785,M13,5,P102785_M13_s5_x1_y1_Fluorescence_405_nm_Ex.tiff,P102785_M13_s5_x1_y1_Fluorescence_488_nm_Ex.tiff,P102785_M13_s5_x1_y1_Fluorescence_561_nm_Ex.tiff,P102785_M13_s5_x1_y1_Fluorescence_638_nm_Ex.tiff,P102785_M13_s5_x1_y1_Fluorescence_730_nm_Ex.tiff
P102785-M13-6,P102785,M13,6,P102785_M13_s6_x2_y1_Fluorescence_405_nm_Ex.tiff,P102785_M13_s6_x2_y1_Fluorescence_488_nm_Ex.tiff,P102785_M13_s6_x2_y1_Fluorescence_561_nm_Ex.tiff,P102785_M13_s6_x2_y1_Fluorescence_638_nm_Ex.tiff,P102785_M13_s6_x2_y1_Fluorescence_730_nm_Ex.tiff
P102785-M13-7,P102785,M13,7,P102785_M13_s7_x0_y2_Fluorescence_405_nm_Ex.tiff,P102785_M13_s7_x0_y2_Fluorescence_488_nm_Ex.tiff,P102785_M13_s7_x0_y2_Fluorescence_561_nm_Ex.tiff,P102785_M13_s7_x0_y2_Fluorescence_638_nm_Ex.tiff,P102785_M13_s7_x0_y2_Fluorescence_730_nm_Ex.tiff
P102785-M13-8,P102785,M13,8,P102785_M13_s8_x1_y2_Fluorescence_405_nm_Ex.tiff,P102785_M13_s8_x1_y2_Fluorescence_488_nm_Ex.tiff,P102785_M13_s8_x1_y2_Fluorescence_561_nm_Ex.tiff,P102785_M13_s8_x1_y2_Fluorescence_638_nm_Ex.tiff,P102785_M13_s8_x1_y2_Fluorescence_730_nm_Ex.tiff
P102785-M13-9,P102785,M13,9,P102785_M13_s9_x2_y2_Fluorescence_405_nm_Ex.tiff,P102785_M13_s9_x2_y2_Fluorescence_488_nm_Ex.tiff,P102785_M13_s9_x2_y2_Fluorescence_561_nm_Ex.tiff,P102785_M13_s9_x2_y2_Fluorescence_638_nm_Ex.tiff,P102785_M13_s9_x2_y2_Fluorescence_730_nm_Ex.tiff
P102785-N16-1,P102785,N16,1,P102785_N16_s1_x0_y0_Fluorescence_405_nm_Ex.tiff,P102785_N16_s1_x0_y0_Fluorescence_488_nm_Ex.tiff,P102785_N16_s1_x0_y0_Fluorescence_561_nm_Ex.tiff,P102785_N16_s1_x0_y0_Fluorescence_638_nm_Ex.tiff,P102785_N16_s1_x0_y0_Fluorescence_730_nm_Ex.tiff
P102785-N16-2,P102785,N16,2,P102785_N16_s2_x1_y0_Fluorescence_405_nm_Ex.tiff,P102785_N16_s2_x1_y0_Fluorescence_488_nm_Ex.tiff,P102785_N16_s2_x1_y0_Fluorescence_561_nm_Ex.tiff,P102785_N16_s2_x1_y0_Fluorescence_638_nm_Ex.tiff,P102785_N16_s2_x1_y0_Fluorescence_730_nm_Ex.tiff
P102785-N16-3,P102785,N16,3,P102785_N16_s3_x2_y0_Fluorescence_405_nm_Ex.tiff,P102785_N16_s3_x2_y0_Fluorescence_488_nm_Ex.tiff,P102785_N16_s3_x2_y0_Fluorescence_561_nm_Ex.tiff,P102785_N16_s3_x2_y0_Fluorescence_638_nm_Ex.tiff,P102785_N16_s3_x2_y0_Fluorescence_730_nm_Ex.tiff
P102785-N16-4,P102785,N16,4,P102785_N16_s4_x0_y1_Fluorescence_405_nm_Ex.tiff,P102785_N16_s4_x0_y1_Fluorescence_488_nm_Ex.tiff,P102785_N16_s4_x0_y1_Fluorescence_561_nm_Ex.tiff,P102785_N16_s4_x0_y1_Fluorescence_638_nm_Ex.tiff,P102785_N16_s4_x0_y1_Fluorescence_730_nm_Ex.tiff
P102785-N16-5,P102785,N16,5,P102785_N16_s5_x1_y1_Fluorescence_405_nm_Ex.tiff,P102785_N16_s5_x1_y1_Fluorescence_488_nm_Ex.tiff,P102785_N16_s5_x1_y1_Fluorescence_561_nm_Ex.tiff,P102785_N16_s5_x1_y1_Fluorescence_638_nm_Ex.tiff,P102785_N16_s5_x1_y1_Fluorescence_730_nm_Ex.tiff
P102785-N16-6,P102785,N16,6,P102785_N16_s6_x2_y1_Fluorescence_405_nm_Ex.tiff,P102785_N16_s6_x2_y1_Fluorescence_488_nm_Ex.tiff,P102785_N16_s6_x2_y1_Fluorescence_561_nm_Ex.tiff,P102785_N16_s6_x2_y1_Fluorescence_638_nm_Ex.tiff,P102785_N16_s6_x2_y1_Fluorescence_730_nm_Ex.tiff
P102785-N16-7,P102785,N16,7,P102785_N16_s7_x0_y2_Fluorescence_405_nm_Ex.tiff,P102785_N16_s7_x0_y2_Fluorescence_488_nm_Ex.tiff,P102785_N16_s7_x0_y2_Fluorescence_561_nm_Ex.tiff,P102785_N16_s7_x0_y2_Fluorescence_638_nm_Ex.tiff,P102785_N16_s7_x0_y2_Fluorescence_730_nm_Ex.tiff
P102785-N16-8,P102785,N16,8,P102785_N16_s8_x1_y2_Fluorescence_405_nm_Ex.tiff,P102785_N16_s8_x1_y2_Fluorescence_488_nm_Ex.tiff,P102785_N16_s8_x1_y2_Fluorescence_561_nm_Ex.tiff,P102785_N16_s8_x1_y2_Fluorescence_638_nm_Ex.tiff,P102785_N16_s8_x1_y2_Fluorescence_730_nm_Ex.tiff
P102785-N16-9,P102785,N16,9,P102785_N16_s9_x2_y2_Fluorescence_405_nm_Ex.tiff,P102785_N16_s9_x2_y2_Fluorescence_488_nm_Ex.tiff,P102785_N16_s9_x2_y2_Fluorescence_561_nm_Ex.tiff,P102785_N16_s9_x2_y2_Fluorescence_638_nm_Ex.tiff,P102785_N16_s9_x2_y2_Fluorescence_730_nm_Ex.tiff
P102785-O21-1,P102785,O21,1,P102785_O21_s1_x0_y0_Fluorescence_405_nm_Ex.tiff,P102785_O21_s1_x0_y0_Fluorescence_488_nm_Ex.tiff,P102785_O21_s1_x0_y0_Fluorescence_561_nm_Ex.tiff,P102785_O21_s1_x0_y0_Fluorescence_638_nm_Ex.tiff,P102785_O21_s1_x0_y0_Fluorescence_730_nm_Ex.tiff
P102785-O21-2,P102785,O21,2,P102785_O21_s2_x1_y0_Fluorescence_405_nm_Ex.tiff,P102785_O21_s2_x1_y0_Fluorescence_488_nm_Ex.tiff,P102785_O21_s2_x1_y0_Fluorescence_561_nm_Ex.tiff,P102785_O21_s2_x1_y0_Fluorescence_638_nm_Ex.tiff,P102785_O21_s2_x1_y0_Fluorescence_730_nm_Ex.tiff
P102785-O21-3,P102785,O21,3,P102785_O21_s3_x2_y0_Fluorescence_405_nm_Ex.tiff,P102785_O21_s3_x2_y0_Fluorescence_488_nm_Ex.tiff,P102785_O21_s3_x2_y0_Fluorescence_561_nm_Ex.tiff,P102785_O21_s3_x2_y0_Fluorescence_638_nm_Ex.tiff,P102785_O21_s3_x2_y0_Fluorescence_730_nm_Ex.tiff
P102785-O21-4,P102785,O21,4,P102785_O21_s4_x0_y1_Fluorescence_405_nm_Ex.tiff,P102785_O21_s4_x0_y1_Fluorescence_488_nm_Ex.tiff,P102785_O21_s4_x0_y1_Fluorescence_561_nm_Ex.tiff,P102785_O21_s4_x0_y1_Fluorescence_638_nm_Ex.tiff,P102785_O21_s4_x0_y1_Fluorescence_730_nm_Ex.tiff
P102785-O21-5,P102785,O21,5,P102785_O21_s5_x1_y1_Fluorescence_405_nm_Ex.tiff,P102785_O21_s5_x1_y1_Fluorescence_488_nm_Ex.tiff,P102785_O21_s5_x1_y1_Fluorescence_561_nm_Ex.tiff,P102785_O21_s5_x1_y1_Fluorescence_638_nm_Ex.tiff,P102785_O21_s5_x1_y1_Fluorescence_730_nm_Ex.tiff
P102785-O21-6,P102785,O21,6,P102785_O21_s6_x2_y1_Fluorescence_405_nm_Ex.tiff,P102785_O21_s6_x2_y1_Fluorescence_488_nm_Ex.tiff,P102785_O21_s6_x2_y1_Fluorescence_561_nm_Ex.tiff,P102785_O21_s6_x2_y1_Fluorescence_638_nm_Ex.tiff,P102785_O21_s6_x2_y1_Fluorescence_730_nm_Ex.tiff
P102785-O21-7,P102785,O21,7,P102785_O21_s7_x0_y2_Fluorescence_405_nm_Ex.tiff,P102785_O21_s7_x0_y2_Fluorescence_488_nm_Ex.tiff,P102785_O21_s7_x0_y2_Fluorescence_561_nm_Ex.tiff,P102785_O21_s7_x0_y2_Fluorescence_638_nm_Ex.tiff,P102785_O21_s7_x0_y2_Fluorescence_730_nm_Ex.tiff
P102785-O21-8,P102785,O21,8,P102785_O21_s8_x1_y2_Fluorescence_405_nm_Ex.tiff,P102785_O21_s8_x1_y2_Fluorescence_488_nm_Ex.tiff,P102785_O21_s8_x1_y2_Fluorescence_561_nm_Ex.tiff,P102785_O21_s8_x1_y2_Fluorescence_638_nm_Ex.tiff,P102785_O21_s8_x1_y2_Fluorescence_730_nm_Ex.tiff
P102785-O21-9,P102785,O21,9,P102785_O21_s9_x2_y2_Fluorescence_405_nm_Ex.tiff,P102785_O21_s9_x2_y2_Fluorescence_488_nm_Ex.tiff,P102785_O21_s9_x2_y2_Fluorescence_561_nm_Ex.tiff,P102785_O21_s9_x2_y2_Fluorescence_638_nm_Ex.tiff,P102785_O21_s9_x2_y2_Fluorescence_730_nm_Ex.tiff
P102785-P04-1,P102785,P04,1,P102785_P04_s1_x0_y0_Fluorescence_405_nm_Ex.tiff,P102785_P04_s1_x0_y0_Fluorescence_488_nm_Ex.tiff,P102785_P04_s1_x0_y0_Fluorescence_561_nm_Ex.tiff,P102785_P04_s1_x0_y0_Fluorescence_638_nm_Ex.tiff,P102785_P04_s1_x0_y0_Fluorescence_730_nm_Ex.tiff
P102785-P04-2,P102785,P04,2,P102785_P04_s2_x1_y0_Fluorescence_405_nm_Ex.tiff,P102785_P04_s2_x1_y0_Fluorescence_488_nm_Ex.tiff,P102785_P04_s2_x1_y0_Fluorescence_561_nm_Ex.tiff,P102785_P04_s2_x1_y0_Fluorescence_638_nm_Ex.tiff,P102785_P04_s2_x1_y0_Fluorescence_730_nm_Ex.tiff
P102785-P04-3,P102785,P04,3,P102785_P04_s3_x2_y0_Fluorescence_405_nm_Ex.tiff,P102785_P04_s3_x2_y0_Fluorescence_488_nm_Ex.tiff,P102785_P04_s3_x2_y0_Fluorescence_561_nm_Ex.tiff,P102785_P04_s3_x2_y0_Fluorescence_638_nm_Ex.tiff,P102785_P04_s3_x2_y0_Fluorescence_730_nm_Ex.tiff
P102785-P04-4,P102785,P04,4,P102785_P04_s4_x0_y1_Fluorescence_405_nm_Ex.tiff,P102785_P04_s4_x0_y1_Fluorescence_488_nm_Ex.tiff,P102785_P04_s4_x0_y1_Fluorescence_561_nm_Ex.tiff,P102785_P04_s4_x0_y1_Fluorescence_638_nm_Ex.tiff,P102785_P04_s4_x0_y1_Fluorescence_730_nm_Ex.tiff
P102785-P04-5,P102785,P04,5,P102785_P04_s5_x1_y1_Fluorescence_405_nm_Ex.tiff,P102785_P04_s5_x1_y1_Fluorescence_488_nm_Ex.tiff,P102785_P04_s5_x1_y1_Fluorescence_561_nm_Ex.tiff,P102785_P04_s5_x1_y1_Fluorescence_638_nm_Ex.tiff,P102785_P04_s5_x1_y1_Fluorescence_730_nm_Ex.tiff
P102785-P04-6,P102785,P04,6,P102785_P04_s6_x2_y1_Fluorescence_405_nm_Ex.tiff,P102785_P04_s6_x2_y1_Fluorescence_488_nm_Ex.tiff,P102785_P04_s6_x2_y1_Fluorescence_561_nm_Ex.tiff,P102785_P04_s6_x2_y1_Fluorescence_638_nm_Ex.tiff,P102785_P04_s6_x2_y1_Fluorescence_730_nm_Ex.tiff
P102785-P04-7,P102785,P04,7,P102785_P04_s7_x0_y2_Fluorescence_405_nm_Ex.tiff,P102785_P04_s7_x0_y2_Fluorescence_488_nm_Ex.tiff,P102785_P04_s7_x0_y2_Fluorescence_561_nm_Ex.tiff,P102785_P04_s7_x0_y2_Fluorescence_638_nm_Ex.tiff,P102785_P04_s7_x0_y2_Fluorescence_730_nm_Ex.tiff
P102785-P04-8,P102785,P04,8,P102785_P04_s8_x1_y2_Fluorescence_405_nm_Ex.tiff,P102785_P04_s8_x1_y2_Fluorescence_488_nm_Ex.tiff,P102785_P04_s8_x1_y2_Fluorescence_561_nm_Ex.tiff,P102785_P04_s8_x1_y2_Fluorescence_638_nm_Ex.tiff,P102785_P04_s8_x1_y2_Fluorescence_730_nm_Ex.tiff
P102785-P04-9,P102785,P04,9,P102785_P04_s9_x2_y2_Fluorescence_405_nm_Ex.tiff,P102785_P04_s9_x2_y2_Fluorescence_488_nm_Ex.tiff,P102785_P04_s9_x2_y2_Fluorescence_561_nm_Ex.tiff,P102785_P04_s9_x2_y2_Fluorescence_638_nm_Ex.tiff,P102785_P04_s9_x2_y2_Fluorescence_730_nm_Ex.tiff
